TIC ID|CTOI|MASTER|SG1A|SG1B|SG2|SG3|SG4|SG5|User Disposition|TFOPWG Disposition|TESS Mag|TESS Mag err|RA|Dec|PM RA (mas/yr)|PM RA err (mas/yr)|PM Dec (mas/yr)|PM RA (mas/yr)|Midpoint (BJD)|Midpoint err|Period (days)|Period (days) Error|Depth mmag|Depth mmag Error|Depth ppm|Depth ppm Error|Duration (hrs)|Duration (hrs) Error|Inclination (deg)|Inclination (deg) Error|Impact Param|Impact Param Error|Rad_p/Rad_s|Rad_p/Rad_s Error|a/Rad_s|a/Rad_s Error|Radius (R_Earth)|Radius (R_Earth) Error|Mass (M_Earth)|Mass (M_Earth) Error|Insolation (Earth Flux)|Insolation (Earth Flux) Error|Equilibrium Temp (K)|Equilibrium Temp (K) Error|Fitted Stellar Density (g/cm^3)|Fitted Stellar Density (g/cm^3) Error|Semi-Major Axis (AU)|Semi-Major Axis (AU) Error|Eccentricity|Eccentricity (Error)|Arg of Periastron|Arg of Periastron Error|Time of Periastron (BJD)|Time of Periastron (BJD) Error|Velocity Semi-amp (m/s)|Velocity Semi-amp (m/s) Error|Stellar Distance (pc)|Stellar Distance (pc) err|Stellar Eff Temp (K)|Stellar Eff Temp (K) err|Stellar log(g) (cm/s^2)|Stellar log(g) (cm/s^2) err|Stellar Radius (R_Sun)|Stellar Radius (R_Sun) err|CTOI lastmod|User|Group|Tag|Notes
24725031|24725031.01||||||||FP||7.35422|0.006|81.517408|-10.757758|-10.45|0.14|-1.949|0.122|2458438.44|.001|0.53299|0.00015|4.133657||3800||||||||||||||||||||||||||||||||236.086|3.859|12818|150|||||2019-09-13 13:41:57|earley||5650|Eclipsing binary candidate in Pisces-Eridanus stellar stream
25078924|25078924.01||||||||PC||10.705|0.006|60.930974|-65.972806|6.015|0.049|18.104|0.049|2458325.5091||0.9097222||16.723865||15285.2256555255||1.56666666666667||||||||||14.434011815694||||||||||||||||||||228.492|1.4215|5737|131.98|4.27563|.0745082|1.21763|.0589447|2019-08-02 00:39:26|lipponen||5065|sector1
25078924|25078924.02||||||||PC||10.705|0.006|60.930974|-65.972806|6.015|0.049|18.104|0.049|2458325.9605||0.9034722||67.676072||60429.0706446056||1.7||||||||||28.6994838889778||||||||||||||||||||228.492|1.4215|5737|131.98|4.27563|.0745082|1.21763|.0589447|2019-08-02 00:39:26|lipponen||5065|sector1
25226885|25226885.01||||||||PC||11.9329|0.007|326.957969|-20.235107|1.638|0.08|-12.488|0.08|2458325.8415||1.63125||2333.408249||883416.604382057||2.56666666666667||||||||||41.1147235452682||||||||||||||||||||578.167|17.6165|6222|132.256|4.14893|.0860199|1.52812|.0831634|2019-06-06 03:40:31|lipponen||3787|sector1
25226885|25226885.02||||||||PC||11.9329|0.007|326.957969|-20.235107|1.638|0.08|-12.488|0.08|2458326.661||1.630556||4529.902496||984581.610895565||2.56666666666667||||||||||14.951973716145||||||||||||||||||||578.167|17.6165|6222|132.256|4.14893|.0860199|1.52812|.0831634|2019-06-06 03:40:31|lipponen||3787|sector1
29478974|29478974.01||||||||PC||10.619|0.006|314.081686|-26.588698|17.123|0.114|-39.198|0.072|2458326.4654||24.90278||4636.327172||986021.224468432||3.33333333333333||||||||||9.96490619535896||||||||||||||||||||197.173|2.881|4737|77|||1.75839||2019-05-12 09:25:49|lipponen||3542|firstBulkUpload
29478974|29478974.02||||||||PC||10.619|0.006|314.081686|-26.588698|17.123|0.114|-39.198|0.072|2458333.7848||12.45833||2896.048467||930564.652542362||3.33333333333333||||||||||22.6316204773103||||||||||||||||||||197.173|2.881|4737|77|||1.75839||2019-05-12 09:25:49|lipponen||3542|firstBulkUpload
29667425|29667425.01||||||||PC||10.2633|0.006|315.330873|-27.31751|6.063|0.106|-21.191|0.072|2458335.9584||||6146.424417||996521.193817212||2||||||||||6.6749670188886||||||||||||||||||||234.097|4.5865|5670|126.501|4.04936|.0793904|1.57066|.0815428|2019-05-25 09:17:28|lipponen||3787|sector1
29786532|29786532.01||||||||PC||14.5317|0.006|109.978473|-40.231884|-9.834|0.073|6.506|0.084|2458493.009889008|.0008533117361366749|1.5878844940770864|0.00010213645650813952|245.215476|26.312327|202163.6677133884|23943.249745283374|2.369187986195578|0.056722419624215765|82.72427161544246|.6133751257470124|.7967204455508694|.06932400678233062|.44962614215967067|.03765447039447417|6.291003586248814|.1462038186523067|41.51029650683124|12.453088952049372|||||||||||||||||||315.71|4.2125|3645|122|4.3072||.846396||2019-09-18 09:12:28|bouma|tfopwg|5722|Cand HJ/BD, Collinder135 (40 Myr). Rp is OK (Burrows+2001). CMD good (pre-MS). RA/dec on outskirts. (CDIPS; Bouma+19).
29986808|29986808.01||||||||PC||10.4281|0.006|72.912417|-68.270346|32.937|0.153|65.116|0.181|2458325.6324||2.134028||7062.6987||998504.038144169||1.26666666666667||||||||||5.72211671898283||||||||||||||||||||218.233|3.7885|6276|135.281|4.32471|.0888507|1.26367|.061206|2019-05-25 09:17:28|lipponen||3787|sector1
29986808|29986808.02||||||||PC||10.4281|0.006|72.912417|-68.270346|32.937|0.153|65.116|0.181|2458326.6922||2.122917||6085.932313||996321.870001908||1.33333333333333||||||||||8.9724281569239||||||||||||||||||||218.233|3.7885|6276|135.281|4.32471|.0888507|1.26367|.061206|2019-05-25 09:17:28|lipponen||3787|sector1
31273263|31273263.01||||||||PC||10.7858|0.006|88.103754|-68.159441|5.418|0.049|26.235|0.048|2458337.8598||||1795.812763||808717.651750035||8.03333333333333||||||||||118.56853801958||||||||||||||||||||495.635|5.735|5631.77|122.057|3.46682|.0805734|3.05932|.162|2019-06-06 03:40:31|lipponen||3787|sector1
32150630|32150630.01||||||||PC||11.9631|0.006|59.244576|-68.625973|35.835|4.138|37.421|4.138|2458325.719||1.494444||2370.726831||887355.687755761||1.83333333333333||||||||||25.803044506485||||||||||||||||||||||4323|173|||.704821|.0703579|2019-05-25 09:17:28|lipponen||3787|sector1
32150630|32150630.02||||||||PC||11.9631|0.006|59.244576|-68.625973|35.835|4.138|37.421|4.138|2458326.4704||1.488889||3974.745354||974290.012922452||1.43333333333333||||||||||12.3272796079202||||||||||||||||||||||4323|173|||.704821|.0703579|2019-05-25 09:17:28|lipponen||3787|sector1
39018208|39018208.01||||||||PC||11.1032|0.006|12.089468|-66.160258|-2.821|0.042|3.22|0.037|2458327.9262||6.645833||6007.623652||996046.784046854||2.93333333333333||||||||||10.5341899780203||||||||||||||||||||399.552|3.6405|6081.5|116.224|4.08411|.0771962|1.60484|.0737939|2019-06-06 03:40:31|lipponen||3787|sector1
39018208|39018208.02||||||||PC||11.1032|0.006|12.089468|-66.160258|-2.821|0.042|3.22|0.037|2458331.1013||6.660417||3933.976174||973306.253579002||2.23333333333333||||||||||27.3735196484059||||||||||||||||||||399.552|3.6405|6081.5|116.224|4.08411|.0771962|1.60484|.0737939|2019-06-06 03:40:31|lipponen||3787|sector1
49678165|49678165.01||||||||PC||12.9993|0.007|351.517489|-10.623807|158.953|0.144|8.092|0.1|24581371.1945|.0038|35.64|32.19|||||||90|.36|||.1|.01|74.13|64.74|3.02|.21|||.3|.3|||||||||||||||39.2716|.12275|3064|157|4.94194|.00769985|.285641|.00854479|2019-02-21 16:01:33|christiansen||2163|Planet candidates identified in https://arxiv.org/pdf/1812.08145.pdf
50380257|50380257.01||||||||PC||9.237701|0.006|32.980774|-72.678776|41.405|0.047|30.072|0.054|2458326.9463||1.348611||5502.734388||993706.29699585||2.66666666666667||||||||||12.8087134442246||||||||||||||||||||185.952|.9555|6623|137.864|4.21473|.087915|1.52467|.0641759|2019-05-25 09:17:28|lipponen||3787|sector1
52079677|52079677.01||||||||PC||11.9028|0.006|17.304042|-67.918963|7.323|0.049|-1.059|0.035|2458338.2539||9.034722||3677.380785||966189.804175897||3.83333333333333||||||||||23.0811482715344||||||||||||||||||||588.257|9.0225|6001|124.324|4.04875|.080608|1.64938|.0803015|2019-05-12 09:25:49|lipponen||3542|firstBulkUpload
52079677|52079677.02||||||||PC||11.9028|0.006|17.304042|-67.918963|7.323|0.049|-1.059|0.035|2458333.833||9.041667||5022.030889||990200.86717492||3.5||||||||||12.4258867191573||||||||||||||||||||588.257|9.0225|6001|124.324|4.04875|.080608|1.64938|.0803015|2019-05-12 09:25:49|lipponen||3542|firstBulkUpload
53682439|53682439.01|4|4|3|4|4|4|4|PC|PC|15.3426|0.007|103.310506|-27.179131|-1.657|0.069|4.581|0.081|2458492.0882824035|.0013689692132174967|0.6413456209562327|0.00006495969016478975|55.401546|28.653386|49746.710746377306|26045.551547798485|1.249975883663664|0.2658076361278069|81.13600234310084|7.186897209807711|.642938838109815|.534483478812983|.22303970665865147|.08257267907627833|4.172500915475819|.8767694030437032|19.473929083644226|5.842178725093268|||||||||||||||||||489.416|12.178|3725|122|4.37957||.800462||2019-10-05 04:24:56|bouma|tfopwg|5722|Zari+18 pre-MS dwarf, w/ cand close-in giant planet (else EB). ~4% amplitude spot signal. (CDIPS; Bouma+19)
55404385|55404385.01||||||||PC||6.6081|0.006|78.013178|-65.175456|40.091|0.046|58.908|0.059|2458326.8029||2.95||2541.134889||903717.791306244||3.26666666666667||||||||||63.696266318294||||||||||||||||||||61.8944|.08765|6562|116.523|4.11706|.0858952|1.68762|.0693668|2019-06-06 03:40:31|lipponen||3787|sector1
55404385|55404385.02||||||||PC||6.6081|0.006|78.013178|-65.175456|40.091|0.046|58.908|0.059|2458328.2751||2.951389||3622.949497||964451.588308822||3.03333333333333||||||||||38.7035725369134||||||||||||||||||||61.8944|.08765|6562|116.523|4.11706|.0858952|1.68762|.0693668|2019-06-06 03:40:31|lipponen||3787|sector1
55497281|55497281.01||||||||PC||7.198|0.006|71.718168|-60.602964|49.528|0.065|130.922|0.084|2458330.8973||14.90278||1276.02923||691263.264402461||8.33333333333333||||||||||97.2495507783636||||||||||||||||||||65.9713|.1256|6135|125.015|4.13736|.0808893|1.52258|.0687437|2019-05-12 09:25:49|lipponen||3542|firstBulkUpload
55524055|55524055.01||||||||PC||11.8378|0.006|72.053545|-63.695394|32.841|0.047|27.794|0.058|2458325.3863||2.648611||1941.438008||832727.40401457||1.93333333333333||||||||||35.3573607455189||||||||||||||||||||186.412|.9245|4978.42|136.607|4.60755|.0954136|.74502|.0523291|2019-06-06 03:40:31|lipponen||3787|sector1
55524055|55524055.02||||||||PC||11.8378|0.006|72.053545|-63.695394|32.841|0.047|27.794|0.058|2458326.7141||2.648611||3211.807296||948086.885899297||2||||||||||19.6972674534673||||||||||||||||||||186.412|.9245|4978.42|136.607|4.60755|.0954136|.74502|.0523291|2019-06-06 03:40:31|lipponen||3787|sector1
55659311|55659311.01||||||||PC||9.7909|0.006|74.117493|-64.487392|16.7|3|32.2|2.8|2458333.2503||||1723.701789||795581.929624859||11.6666666666667||||||||||69.1666758509751||||||||||||||||||||224.174||6351||||1.40249||2019-05-25 09:17:28|lipponen||3787|sector1
55659311|55659311.02||||||||PC||9.7909|0.006|74.117493|-64.487392|16.7|3|32.2|2.8|2458347.4712||||2457.4673||896004.851325378||10.0333333333333||||||||||49.3337128741899||||||||||||||||||||224.174||6351||||1.40249||2019-05-25 09:17:28|lipponen||3787|sector1
59859387|59859387.01||||||||PC||10.2761|0.006|110.369675|-45.567737|-9.997|0.042|11.584|0.048|2458492.61762789|.003662206698209047|1.1203692090387507|0.0003644502502682112|1.499692|0.115554|1380.3142476628366|106.42372685993868|1.7759963361283317|0.4783491759601486|83.95835150538771|6.241174691578492|.4739456001204265|.4980215025295313|.03715258063261335|.002025510413016879|4.502988028869415|.9545794034858104|5.976053955550512|.40878742579249583|||||||||||||||||||294.281|2.179|6778|134.572|4.26205|.0903449|1.47467|.0609246|2019-09-18 09:12:28|bouma|tfopwg|5723|Cand super neptune in Alessi 3 OC (CG18).  (CDIPS; Bouma+19)
70442570|70442570.01||||||||PC||5.6605|0.007|339.714464|-33.081281|4.04|0.306|15.473|0.222|2458343.6802||11.52708||2152.379319||862263.744458536||10.7||||||||||152.594347979128||||||||||||||||||||114.53|2.095|9376|268.533|3.82705|.0747892|3.11744|.13584|2019-06-06 03:40:31|lipponen||3787|sector1
70442570|70442570.02||||||||PC||5.6605|0.007|339.714464|-33.081281|4.04|0.306|15.473|0.222|2458335.7148||11.50486||3411.237398||956797.881789084||8.6||||||||||85.4607760463182||||||||||||||||||||114.53|2.095|9376|268.533|3.82705|.0747892|3.11744|.13584|2019-06-06 03:40:31|lipponen||3787|sector1
78740218|78740218.01||||||||PC||11.9019|0.007|103.112741|-22.310554|180.114|0.047|-105.692|0.075|2458472.19683|.00237|2.560154|0.000876|||0|0|0.094|0.002|89.96|.9|.007|.148|.0772|.002|9.4|.2|4.11|.17|||34|2.8|672.5|13.9|||.03|.0001|0|0|||||||58.438|.17945|3455|157|4.74613|.0078827|.490046|.0146733|2019-06-10 08:50:14|cloutier||4046|new CTOI from ORION (https://arxiv.org/abs/1812.08145)
91369561|91369561.01||||||||PC||10.9545|0.006|312.56831|-42.217968|5.167|0.087|-5.723|0.058|2458325.4969||0.07708333||9.375207||8597.71145619254||1.43333333333333||||||||||17.221951461617||||||||||||||||||||936.456|54.7305|7104.75|109.034|3.6456|.100164|3.13013|.227457|2019-06-22 00:19:17|lipponen||3787|sector1
91369561|91369561.02||||||||PC||10.9545|0.006|312.56831|-42.217968|5.167|0.087|-5.723|0.058|2458326.3872||3.993056||83.467735||73995.9075041421||7.43333333333333||||||||||50.5236570317272||||||||||||||||||||936.456|54.7305|7104.75|109.034|3.6456|.100164|3.13013|.227457|2019-06-22 00:19:17|lipponen||3787|sector1
91369561|91369561.03||||||||PC||10.9545|0.006|312.56831|-42.217968|5.167|0.087|-5.723|0.058|2458328.3775||3.992361||760.264021||503528.421548976||11.2666666666667||||||||||131.796210280039||||||||||||||||||||936.456|54.7305|7104.75|109.034|3.6456|.100164|3.13013|.227457|2019-06-22 00:19:17|lipponen||3787|sector1
92349924|92349924.01||||||||PC||10.8199|0.006|313.659442|-32.123248|-9.857|0.093|0.166|0.061|2458325.6681||8.800694||21.00341||19158.9448610857||2.66666666666667||||||||||32.9916865082824||||||||||||||||||||399.987|9.6705|6334.65|110.402|3.99153|.0808396|1.8695|.0865728|2019-06-22 00:19:17|lipponen||3787|sector1
92349924|92349924.02||||||||PC||10.8199|0.006|313.659442|-32.123248|-9.857|0.093|0.166|0.061|2458330.3819||||4.197082||3858.19313831138||2.36666666666667||||||||||14.8050781870562||||||||||||||||||||399.987|9.6705|6334.65|110.402|3.99153|.0808396|1.8695|.0865728|2019-06-22 00:19:17|lipponen||3787|sector1
92349924|92349924.03||||||||PC||10.8199|0.006|313.659442|-32.123248|-9.857|0.093|0.166|0.061|2458352.9426||||8.380346||7688.8717156105||0.9||||||||||20.9001802021717||||||||||||||||||||399.987|9.6705|6334.65|110.402|3.99153|.0808396|1.8695|.0865728|2019-06-22 00:19:17|lipponen||3787|sector1
92444219|92444219.01||||||||PC||12.0598|0.007|314.408549|-34.272627|189.43|2|-195.3|2|2458342.4729|.0037|39.52|31.27|||||||89.99|.41|||.07|0|49.71|37.71|3.07|.14|||.5|.45|||||||||||||||63.2953||3329|157|4.84746|.00287032|.377615|.0119765|2019-02-21 16:04:24|christiansen||2163|Planet candidates identified in https://arxiv.org/pdf/1812.08145.pdf
92594505|92594505.01||||||||PC||8.043|0.006|315.469491|-33.484986|-42.288|0.07|8.771|0.058|2458328.043||22.86875||88.664622||78417.6447394755||4.66666666666667||||||||||71.8804202241063||||||||||||||||||||151.815|1.1655|6302|130.618|3.7567|.0918392|2.44003|.123186|2019-06-22 00:19:17|lipponen||3787|sector1
100103200|100103200.01||||||||PC||8.69367|0.007|24.680268|-45.242392|-150.955|0.037|-70.213|0.043|2458380.0894|.0018|18.4462|0.0024|||||||90.45|.33|||.035|.002|51.4|9.45|1.97|.11|||4.2|.3|||||||||||||||16.7457|.0077|3850|157|4.72245|.00862631|.517124|.0153096|2019-02-21 16:05:46|christiansen||2163|Planet candidates identified in https://arxiv.org/pdf/1812.08145.pdf
110718787|110718787.01||||||||PC||13.947|0.009|114.73227|-29.388675|-5.686|0.031|5.036|0.036|2458494.4292960446|.0044722489546984425|3.091714320211069|0.0013290686352946945|67.319294|42.280037|60120.272153252605|38192.88542744477|3.4439057492176133|0.7457649159276827|81.23006025934117|4.592818441031647|.9064609789647936|.5351589933419222|.2451943558756045|.1101430258554906|5.945279655129896|1.6664156087517985|22.668424459817174|6.8005273379451525|||||||||||||||||||552.14|6.8215|5090|124|4.51113||.847579||2019-09-18 09:12:28|bouma|tfopwg|5724|Cand HJ in Haffner13 (30 Myr; CG18). Strong rot var.  PMs a bit off. (CDIPS; Bouma+19)
115115136|115115136.01||||||||PC||11.3959|0.006|316.796244|-39.766381|24.591|0.056|-13.34|0.044|2458335.8122||3.970833||3814.783652||970208.9||3.56666666666667||||||||||||||||||||||||||||||421.299|7.005|6238|136.209|4.22177|.085633|1.41105|.0685226|2019-05-10 10:14:26|lipponen||3534|firstBulkUploadTest
115115136|115115136.02||||||||PC||11.3959|0.006|316.796244|-39.766381|24.591|0.056|-13.34|0.044|2458325.9095||4||6141.692748||996506||3.33333333333333||||||||||||||||||||||||||||||421.299|7.005|6238|136.209|4.22177|.085633|1.41105|.0685226|2019-05-10 10:14:26|lipponen||3534|firstBulkUploadTest
121420805|121420805.01||||||||PC||11.3169|0.006|341.833475|-47.916093|-9.558|0.055|-4.838|0.074|2458326.2293||1.720139||540.351026||392061.581232642||4.93333333333333||||||||||96.9894574537454||||||||||||||||||||754.381|32.912|7942|138.288|4.2016|.083198|1.81447|.0878744|2019-06-06 03:40:31|lipponen||3787|sector1
121420805|121420805.02||||||||PC||11.3169|0.006|341.833475|-47.916093|-9.558|0.055|-4.838|0.074|2458327.0863||1.718056||3023.466416||938253.34528765||4.1||||||||||30.9101741512152||||||||||||||||||||754.381|32.912|7942|138.288|4.2016|.083198|1.81447|.0878744|2019-06-06 03:40:31|lipponen||3787|sector1
125192758|125192758.01|5|5|5|5|5|5|5|PC|FP|14.1452|0.011|105.394824|-8.816844|-0.83|0.057|-0.357|0.053|2458492.689092073|.005194524535909295|1.7306882364130334|0.0006749908248124825|35.612336|21.505482|32268.08100739372|19612.40559358689|2.6864943661050957|0.6575725647618619|72.73502181723704|6.471461416425677|.989376392541696|.4619497044016473|.1796331845940324|.0772021329018234|3.33357697194692|.9772137114419448|29.24658979244059|8.773976937732176|||||||||||||||||||1100.46|47.425|5384|123|4.05864||1.49265||2019-11-01 06:09:23|bouma|tfopwg|5723|Giant PC in M50, 100Myr star; rot variable. Parallax a tad low, but within CG18's M50 members.  (CDIPS; Bouma+19)
126945917|126945917.01||||||||PC||9.1063|0.006|318.732623|-43.395502|44.059|0.081|-12.722|0.072|2458325.6218||1.347917||2225.344165||871215.874271156||6.66666666666667||||||||||73.6053970136627||||||||||||||||||||310.176|5.5135|7580|145.012|3.98548|.083325|2.23383|.085402|2019-05-25 09:17:28|lipponen||3787|sector1
126945917|126945917.02||||||||PC||9.1063|0.006|318.732623|-43.395502|44.059|0.081|-12.722|0.072|2458326.2885||1.342361||1117.184164||642623.21768236||5.03333333333333||||||||||122.614451487989||||||||||||||||||||310.176|5.5135|7580|145.012|3.98548|.083325|2.23383|.085402|2019-05-25 09:17:28|lipponen||3787|sector1
129268651|129268651.01||||||||PC||13.8728|0.007|118.767185|-28.829894|-119.149|0.074|-31.476|0.082|2458526.25411|.00272|5.965288|0.001875|0.000109||0.1|0|0.087|0.009|90.21|.99|-.098|.468|.2175|.0121|27|2.7|5.41|.34|||4.3|.4|400.9|8.5|||.0373|.0002|0|0|||||||56.9275|.15745|3380|157|5.01784|.0181984|.227887|.00687227|2019-06-10 08:56:06|cloutier||4047|new CTOI from ORION (https://arxiv.org/abs/1812.08145)
134528212|134528212.01||||||||PC||13.7025|0.006|122.413793|-37.371099|4.079|2.85|-4.126|2.85|2458492.259666701|.002742790617048741|1.6052396275434235|0.0003335330681822901|14.927555|7.269424|13654.703335187733|6673.022969491445|1.8457391282985087|0.5692965005768077|84.06739597190902|6.483996954097486|.6361707641387302|.7197943383026958|.11685334113831633|.040380016067797134|6.154989047226482|1.8888896131291664|15.573008369147153|7.126463721774588|||||||||||||||||||705.238||||||||2019-09-18 09:12:28|bouma|tfopwg|5724|Cand HJ, Dias14 says in NGC2546. Occ depth implies likely EB. Star is 2sigma off in parallax & PMs. (CDIPS; Bouma+19)
139198430|139198430.01||||||||PC||9.3059|0.006|345.630986|-46.085195|-24.1|1.3|-2.1|1.4|2458333.111||||10.875337||9966.557||1.3||||||||||7.1||||||||||||||||||||135.265||5984||||1.21977||2019-04-10 21:28:18|lipponen||3118|single_drop
139468902|139468902.01||||||||PC||6.9729|0.006|337.565787|-42.291071|31.374|0.057|-0.359|0.07|2458325.6366||0.4645833||1.001979||922.431003625155||3.96666666666667||||||||||8.42035525379225||||||||||||||||||||151.151|1.0555|10536|253.483|4.25706|.0622919|2.03136|.0527513|2019-08-02 00:39:26|lipponen||5065|sector1
139468902|139468902.02||||||||PC||6.9729|0.006|337.565787|-42.291071|31.374|0.057|-0.359|0.07|2458325.8658||0.4569444||0.174322||160.543413750362||2.26666666666667||||||||||3.51285089007849||||||||||||||||||||151.151|1.0555|10536|253.483|4.25706|.0622919|2.03136|.0527513|2019-08-02 00:39:26|lipponen||5065|sector1
139771134|139771134.01||||||||PC||12.5093|0.006|324.128236|-52.513101|20.985|0.027|-16.051|0.027|2458335.2118|.0011|0.91331|0.00002|5.988031|0.32577|5500|300|0.504||||||||||||||||||||||||||||||211.794|.867|4540.87|129.529|4.52039|.101062|.771805|.0622764|2019-04-23 14:08:06|feinstein||3349|Feinstein, A.~D., Montet, B.~T., Foreman-Mackey, D., et al.\ 2019, arXiv e-prints , arXiv:1903.09152.
139825840|139825840.01||||||||PC||5.64|0.006|324.998709|-52.358977|-17.624|0.288|5.887|0.273|2458328.538||7.668056||3230.198976||948958.854825671||11.7666666666667||||||||||247.800035173012||||||||||||||||||||193.947|5.67|5986|122|||9.70276||2019-05-25 09:17:28|lipponen||3787|sector1
139825840|139825840.02||||||||PC||5.64|0.006|324.998709|-52.358977|-17.624|0.288|5.887|0.273|2458332.363||7.701389||3539.417436||961608.681686904||12.5||||||||||214.910518304246||||||||||||||||||||193.947|5.67|5986|122|||9.70276||2019-05-25 09:17:28|lipponen||3787|sector1
140659980|140659980.01||||||||PC||8.984901|0.006|72.473479|-72.4627|8.85|0.249|-18.881|0.299|2458328.2744||9.441667||3343.066778||953998.362753968||3.73333333333333||||||||||48.9076011158784||||||||||||||||||||148.437|3.4825|5642.4|120.574|3.84857|.0827912|1.97128|.112251|2019-06-06 03:40:31|lipponen||3787|sector1
140659980|140659980.02||||||||PC||8.984901|0.006|72.473479|-72.4627|8.85|0.249|-18.881|0.299|2458332.7438||9.4375||3863.672753||971520.595854139||4.5||||||||||38.4817812344671||||||||||||||||||||148.437|3.4825|5642.4|120.574|3.84857|.0827912|1.97128|.112251|2019-06-06 03:40:31|lipponen||3787|sector1
141268467|141268467.01||||||||PC||7.7088|0.006|82.513908|-76.248677|34.769|0.048|7.278|0.05|2458326.4592||4.180556||880.249529||555470.907963205||5.23333333333333||||||||||140.325634230608||||||||||||||||||||103.385|.2655|6235|129.514|3.96438|.0855841|1.89774|.0874774|2019-05-25 09:17:28|lipponen||3787|sector1
141268467|141268467.02||||||||PC||7.7088|0.006|82.513908|-76.248677|34.769|0.048|7.278|0.05|2458328.555||4.175||837.010845||537410.615908896||5.3||||||||||143.365889192342||||||||||||||||||||103.385|.2655|6235|129.514|3.96438|.0855841|1.89774|.0874774|2019-05-25 09:17:28|lipponen||3787|sector1
141622065|141622065.01||||||||PC||9.7993|0.006|89.228761|-73.342553|1.301|0.039|20.042|0.042|2458326.2894||2.952083||2069.318393||851313.121939464||5.3||||||||||60.0093161304443||||||||||||||||||||529.022|6.0225|6640.1|112.697|3.46823|.0911074|3.61396|.155|2019-06-06 03:40:31|lipponen||3787|sector1
141622065|141622065.02||||||||PC||9.7993|0.006|89.228761|-73.342553|1.301|0.039|20.042|0.042|2458330.6977||3.000694||1901.806468||826508.815289122||6.5||||||||||64.8217964112059||||||||||||||||||||529.022|6.0225|6640.1|112.697|3.46823|.0911074|3.61396|.155|2019-06-06 03:40:31|lipponen||3787|sector1
141708335|141708335.01||||||||PC||12.055|0.007|90.457282|-77.299522|-12.543|0.056|-161.781|0.073|2458352.46295|.00237|4.761678|0.000568|||0|0|0.1|0.007|90.14|1.42|-.038|.393|.0443|.0016|15.9|1|2.05|.1|||10.5|.9|501.5|10.6|||.043|.0001|0|0|||||||48.7639|.1019|3325|157|4.805|.0048158|.423791|.0126415|2019-06-10 08:31:44|cloutier||4044|new CTOI from ORION (https://arxiv.org/abs/1812.08145)
141809359|141809359.01||||||||PC||11.3725|0.006|92.642723|-73.786636|-1.612|0.036|-4.822|0.043|2458328.0977||12.14861||40.293009||36431.0509423523||3.86666666666667||||||||||16.1652683042187||||||||||||||||||||983.334|19.8135|4707|122|||6.30857||2019-06-22 00:19:17|lipponen||3787|sector1
141809359|141809359.02||||||||PC||11.3725|0.006|92.642723|-73.786636|-1.612|0.036|-4.822|0.043|2458335.9615||12.16111||11.89912||10899.6577431383||3.86666666666667||||||||||8.84206082046754||||||||||||||||||||983.334|19.8135|4707|122|||6.30857||2019-06-22 00:19:17|lipponen||3787|sector1
141943694|141943694.01||||||||PC||11.3597|0.006|95.431298|-75.657206|-2.538|0.037|10.174|0.047|2458598.089||1.8362720000000001||2.852172||2623.5||1.2||||||.05038043925||||12.83816744||||||||||||||||||||1006.1|22.731|8656|159.417|4.05356|.0715812|2.29342|.0811608|2019-06-21 22:58:50|galgano||4210|vetted with DAVE (https://arxiv.org/abs/1901.07459)
143924219|143924219.01||||||||PC||8.3245|0.006|332.70319|-48.890693|13.212|0.052|-10.497|0.055|2458326.8171||2.818056||26.050945||23708.2437837818||2.43333333333333||||||||||32.9343632599772||||||||||||||||||||146.485|.822|6412|127.707|3.9911|.0849677|1.90011|.0801985|2019-08-02 00:39:26|lipponen||3787|sector1
143924219|143924219.02||||||||PC||8.3245|0.006|332.70319|-48.890693|13.212|0.052|-10.497|0.055|2458328.2282||2.815278||1.822606||1677.27433714794||2.33333333333333||||||||||8.75995006077052||||||||||||||||||||146.485|.822|6412|127.707|3.9911|.0849677|1.90011|.0801985|2019-08-02 00:39:26|lipponen||3787|sector1
144000467|144000467.01||||||||PC||8.2307|0.006|336.263647|-53.810946|74.244|0.046|-155.219|0.052|2458327.996||8.883333||119.19455||103970.764554297||5.36666666666667||||||||||53.5084346352232||||||||||||||||||||91.0041|.2843|5701|124.074|4.10221|.0763619|1.48671|.073902|2019-06-22 00:19:17|lipponen||3787|sector1
144000467|144000467.02||||||||PC||8.2307|0.006|336.263647|-53.810946|74.244|0.046|-155.219|0.052|2458333.2946||8.884028||256.046049||210082.782028952||5||||||||||76.0609695820994||||||||||||||||||||91.0041|.2843|5701|124.074|4.10221|.0763619|1.48671|.073902|2019-06-22 00:19:17|lipponen||3787|sector1
144462697|144462697.01||||||||PC||11.8315|0.007|336.348372|-44.594208|10.398|0.046|4.152|0.048|2458325.663||1.233333||943.835612||580757.062712736||3.9||||||||||112.245976915517||||||||||||||||||||794.568|21.7775|7337|155.572|4.20784|.0885738|1.67946|.0798995|2019-06-06 03:40:31|lipponen||3787|sector1
144462697|144462697.02||||||||PC||11.8315|0.007|336.348372|-44.594208|10.398|0.046|4.152|0.048|2458326.2811||1.235417||2688.973878||915974.627010257||3.7||||||||||50.2508174592533||||||||||||||||||||794.568|21.7775|7337|155.572|4.20784|.0885738|1.67946|.0798995|2019-06-06 03:40:31|lipponen||3787|sector1
150030205|150030205.02||||||||PC||9.1059|0.006|90.984276|-60.666335|76.064|0.048|-3.482|0.04|2458344.338||39.3774635|0.0022855|0.481305|0.023452|443.2|21.6|5.137||||.285|.075|||||1.84|.08|||9.24|1.2|444||||.21322|.00129|||||||||59.2293|.07465|5116|122.457|4.57337|.0860203|.793597|.0471155|2019-04-28 11:37:40|spencer||3405|s2n=12
150030205|150030205.03||||||||PC||9.1059|0.006|90.984276|-60.666335|76.064|0.048|-3.482|0.04|2458327.101||10.868243||0.140721|0.003909|129.6|3.6|2.9||||.55|.03|||||1|.03|||51.4|6|682||||.09039||||||||||59.2293|.07465|5116|122.457|4.57337|.0860203|.793597|.0471155|2019-04-28 15:37:18|spencer||3406|Marginal, low s2n PC
150429807|150429807.01||||||||PC||9.6161|0.006|97.060708|-62.528687|-21.61|0.044|87.72|0.047|2458338.348||||3272.59571||950913.539656841||6.86666666666667||||||||||||||||||||||||||||||124.185|.305|5407|132.277|4.2497|.0826954|1.20433|.0648317|2019-05-25 09:17:28|lipponen||3787|sector1
150442264|150442264.01||||||||PC||6.2927|0.006|97.794246|-61.87949|-9.142|0.149|12.087|0.166|2458328.3077||1.652778||5419.25442||993203.297951734||2.5||||||||||||||||||||||||||||||434.11|12.895|||||||2019-05-25 09:17:28|lipponen||3787|sector1
150442264|150442264.02||||||||PC||6.2927|0.006|97.794246|-61.87949|-9.142|0.149|12.087|0.166|2458328.3049||2.981944||5437.118015||993314.209034737||2.23333333333333||||||||||||||||||||||||||||||434.11|12.895|||||||2019-05-25 09:17:28|lipponen||3787|sector1
152223725|152223725.01||||||||PC||9.3148|0.007|312.27952|-33.731786|3.805|0.074|1.698|0.053|2458327.6764||4.431944||121.753363||106079.99870739||10.6666666666667||||||||||59.0300136509334||||||||||||||||||||643.91|21.211|7708|157.149|3.44331|.0861901|4.22881|.195377|2019-08-02 00:39:26|lipponen||3787|sector1
152223725|152223725.02||||||||PC||9.3148|0.007|312.27952|-33.731786|3.805|0.074|1.698|0.053|2458329.8916||4.440278||859.931959||547074.03700644||14.1||||||||||134.053816570254||||||||||||||||||||643.91|21.211|7708|157.149|3.44331|.0861901|4.22881|.195377|2019-08-02 00:39:26|lipponen||3787|sector1
152283270|152283270.01||||||||PC||7.503|0.018|329.231519|-35.359835|16.8|1.1|-1.3|1.2|2458336||||10.903477||9992.216||8.6||||||||||7.3||||||||||||||||||||198.807||||||||2019-04-22 08:27:21|lipponen||3264|drop_in_two_phases
153065527|153065527.02||||||||PC||11.2828|0.007|49.262643|-42.244149|41.675|0.055|-412.827|0.074|2458388.699007||3.307134||0.998087|0.107765|918.85|99.25|1.081||||.71|.09|||||1.38|.19|||17.86|4.57|524||||.03279|.001|||||||||31.0597|.03405|3324|157|4.83718|.0026576|.388609|.0116001|2019-04-29 06:41:25|spencer||3411|s2n=6.1, in a 4:1 resonance with TOI-406.01
154671430|154671430.01|||||3|||PC||12.8402|0.01|122.310616|-29.552349|-5.262|0.025|7.27|0.029|2458491.9883071855|.004925849149003625|1.1643796061428282|0.0003918466132653009|2.434035|0.204429|2239.317779864979|188.26818031435008|2.241624230246844|0.5511291314729119|83.56238650909211|6.285409553379012|.4317799472487479|.4269431598238073|.047321430450325344|.002813222375466322|3.851007453601661|.6938347916268184|5.90193371738198|.4535099222526078|||||||||||||||||||665.486|8.3835|6274|136.891|4.40802|.0901934|1.14342|.0556684|2019-11-25 14:34:17|bouma|tfopwg|5722|Cand super-Neptune in NGC2527 (CG18). CMD shows a bit faint. RA/dec show on outskirts. (CDIPS; Bouma+19).
160036449|160036449.01||||||||PC||10.8022|0.006|336.752435|-37.188396|27.218|0.074|-6.323|0.098|2458325.8826||1.896528||2896.24439||930577.181116941||4.33333333333333||||||||||||||||||||||||||||||590.191|22.12|7517|135.094|4.09957|.086952|1.94211|.0947134|2019-06-06 03:40:31|lipponen||3787|sector1
160036449|160036449.02||||||||PC||10.8022|0.006|336.752435|-37.188396|27.218|0.074|-6.323|0.098|2458326.8312||1.89375||876.087937||553763.772772034||5.3||||||||||||||||||||||||||||||590.191|22.12|7517|135.094|4.09957|.086952|1.94211|.0947134|2019-06-06 03:40:31|lipponen||3787|sector1
165110772|165110772.01||||||||PC||8.7359|0.006|323.011412|-37.76989|40.287|0.11|-15.455|0.097|2458325.9025||0.06111111||2.421828||2228.1||0.833333333333333||||||||||9.6||||||||||||||||||||146.687|1.6475|7322|135.23|4.41755|.0817614|1.31921|.0491557|2019-08-02 00:39:26|lipponen||5065|sector1
167692429|167692429.01||||||||PC||10.507|0.006|102.716048|-63.431044|1.822|0.065|15.988|0.045|2458330.598||10.25694||1798.880994||809257.442037618||7.33333333333333||||||||||53.1368521986926||||||||||||||||||||695.083|15.703|6473.9|116.592|3.4807|.0926003|3.45916|.16614|2019-05-12 09:25:49|lipponen||3542|firstBulkUpload
167692429|167692429.02||||||||PC||10.507|0.006|102.716048|-63.431044|1.822|0.065|15.988|0.045|2458335.3271||10.25972||2511.520015||901055.423519387||8||||||||||38.2708421658676||||||||||||||||||||695.083|15.703|6473.9|116.592|3.4807|.0926003|3.45916|.16614|2019-05-12 09:25:49|lipponen||3542|firstBulkUpload
167792080|167792080.01||||||||PC||11.7956|0.006|104.131271|-63.113121|-2.337|0.037|16.834|0.051|2458597.256||3.253503||5.970891||5484.3||4.56||||||.07284202608||||15.282095199999999||||||||||||||||||||600.149|7.0785|6028.44|117.312|3.9352|.0811253|1.88818|.0912413|2019-06-21 23:04:34|galgano||4210|vetted with DAVE (https://arxiv.org/abs/1901.07459)
176956893|176956893.01||||||||PC||11.4057|0.006|100.833125|-66.947656|2.327|0.042|4.494|0.044|||6.907|0.001|1.629827|0.32577|1500|300|8||||.32||.032|.01|7.2||11.2|.3|||||||||||||||||||788.317|13.197|5720.85|123.262|3.44967|.0771706|3.15138|.169143|2019-10-22 14:02:28|grunblatt||6340|new CTOI
180412528|180412528.01||||||||PC||10.758|0.04|11.350583|-77.868782|249.76|2|48.22|2|2458326.2912||4.5875||65.256956||58333.289431563||1.76666666666667||||||||||13.3304933226538||||||||||||||||||||61.21389||||4.76573|.345937|.506|.075|2019-06-22 00:19:17|lipponen||3787|sector1
180412528|180412528.02||||||||PC||10.758|0.04|11.350583|-77.868782|249.76|2|48.22|2|2458328.605||4.588889||42.219889||38139.6018071068||1.83333333333333||||||||||10.7789402709416||||||||||||||||||||61.21389||||4.76573|.345937|.506|.075|2019-06-22 00:19:17|lipponen||3787|sector1
191672086|191672086.01||||||||PC||13.6497|0.007|135.875203|-39.29472|-131.895|0.077|87.084|0.064|2458522.49899|.00379|2.683393|0.000814|||0|0|0.083|0.007|90.02|1.49|-.004|.304|.1251|.0061|11.7|1|5.55|.31|||25.8|2.2|627.9|13.1|||.0288|.0001|0|0|||||||103.944|.454|3488|157|4.82331|.00382026|.403645|.0121815|2019-06-10 08:56:06|cloutier||4047|new CTOI from ORION (https://arxiv.org/abs/1812.08145)
200516835|200516835.01||||||||PC||15.1073|0.009|82.800881|11.761465|-0.923|0.159|-5.249|0.124|2458471.48338305|.0043373717926442614|3.77847309049988|0.0017696716353456934|47.569204|3.80187|42866.93778231694|3495.5282603005107|2.1344321103638446|0.450521427740929|88.72684612619051|1.3261920803628369|.34772126405694764|.3658848930895279|.20704332344298607|.011938137852430421|15.649797648936564|2.3477216836711365|12.509697154838555|.8461574978662721|||||||||||||||||||274.363|7.027|3266|157|4.69055|.0129958|.55393|.0195883|2019-09-18 09:12:28|bouma|tfopwg|5723|Cand HJ, Zari+18 PMS star. Main worry is stellar-mass EB. Rot period similar to orbital period.  (CDIPS; Bouma+19)
201234926|201234926.01||||||||PC||11.5159|0.006|359.873598|-53.609722|61.723|0.033|-116.91|0.037|2458332.873||14.09444||2380.66358||888381.914788541||3||||||||||24.8093876835618||||||||||||||||||||113.02|.3335|4112|127.543|4.40174|.118168|.834169|.0824621|2019-05-25 09:17:28|lipponen||3787|sector1
201256771|201256771.01||||||||PC||11.3801|0.006|1.818709|-58.457347|41.15|0.046|-8.019|0.04|2458325.5754||3.754861||84.342866||74741.9897637244||4.7||||||||||24.7200119248755||||||||||||||||||||625.964|11.4445|4978.94|49.5776|||3.15786||2019-06-22 00:19:17|lipponen||3787|sector1
201256771|201256771.02||||||||PC||11.3801|0.006|1.818709|-58.457347|41.15|0.046|-8.019|0.04|2458327.4449||3.766667||97.593844||85965.764935027||6.06666666666667||||||||||26.5111834068642||||||||||||||||||||625.964|11.4445|4978.94|49.5776|||3.15786||2019-06-22 00:19:17|lipponen||3787|sector1
201293780|201293780.01||||||||PC||9.7546|0.006|3.237504|-57.356692|53.202|0.048|8.261|0.045|2458325.7476||0.9402778||4539.201726||984713.104045714||1.5||||||||||18.1346688403116||||||||||||||||||||162.564|.6995|5962|133.658|4.2984|.0798071|1.22616|.0575427|2019-05-25 09:17:28|lipponen||3787|sector1
201293780|201293780.02||||||||PC||9.7546|0.006|3.237504|-57.356692|53.202|0.048|8.261|0.045|2458327.1546||0.8840278||5379.400696||992949.178478768||1.4||||||||||12.3160043933233||||||||||||||||||||162.564|.6995|5962|133.658|4.2984|.0798071|1.22616|.0575427|2019-05-25 09:17:28|lipponen||3787|sector1
204497617|204497617.01||||||||PC||11.7963|0.006|326.799031|-32.896428|6.086|0.075|-3.448|0.06|2458327.5359||1.590278||1693.090617||789736.565975864||2.9||||||||||50.0171987356449||||||||||||||||||||501.012|13.04|6323|128.959|4.25884|.0888162|1.37426|.0723392|2019-06-06 03:40:31|lipponen||3787|sector1
204497617|204497617.02||||||||PC||11.7963|0.006|326.799031|-32.896428|6.086|0.075|-3.448|0.06|2458326.7428||3.179861||3829.737252||970616.393500395||2.53333333333333||||||||||18.6977796821621||||||||||||||||||||501.012|13.04|6323|128.959|4.25884|.0888162|1.37426|.0723392|2019-06-06 03:40:31|lipponen||3787|sector1
206462116|206462116.01||||||||PC||9.181|0.034|330.866199|-21.701759|14.2|2.8|-7.7|2.8|2458326.4844||2.973611||3135.563672||944310.34453511||4.23333333333333||||||||||||||||||||||||||||||215.378||||||||2019-05-25 09:17:28|lipponen||3787|sector1
206462116|206462116.02||||||||PC||9.181|0.034|330.866199|-21.701759|14.2|2.8|-7.7|2.8|2458327.9678||2.969444||5393.593895||993040.749940651||4.16666666666667||||||||||||||||||||||||||||||215.378||||||||2019-05-25 09:17:28|lipponen||3787|sector1
206556127|206556127.01||||||||PC||8.8209|0.006|333.660597|-21.697315|163.616|0.376|190.265|0.39|2458326.4177||1.10625||2131.556774||859596.708082104||2||||||||||22.602227472557||||||||||||||||||||37.6247|.33595|3954|126.782|4.19169|.121857|1.04564|.109548|2019-06-06 03:40:31|lipponen||3787|sector1
206660104|206660104.01||||||||PC||9.63865|0.007|342.850152|-34.327495|246.248|0.095|-183.692|0.096|2458379.7842|.0079|13.4507|0.0081|||||||90|.49|||.021|.001|27.84|1.82|1.21|.08|||5.2|.4|||||||||||||||24.3544|.0326|3673|157|4.72514|.00866283|.51404|.0153418|2019-02-21 16:06:50|christiansen||2163|Planet candidates identified in https://arxiv.org/pdf/1812.08145.pdf
207080350|207080350.01||||||||PC||7.0938|0.006|320.919203|-39.778967|39.051|0.066|-38.416|0.086|2458332.7844||9.105556||443.05774||335068.505204815||5.66666666666667||||||||||131.636717528003||||||||||||||||||||104.207|.5125|6978|150.213|3.98346|.0939702|2.08762|.101608|2019-08-02 00:39:26|lipponen||3787|sector1
207080350|207080350.02||||||||PC||7.0938|0.006|320.919203|-39.778967|39.051|0.066|-38.416|0.086|2458329.9052||18.38194||345.186771||272345.378998325||7.13333333333333||||||||||118.678007303729||||||||||||||||||||104.207|.5125|6978|150.213|3.98346|.0939702|2.08762|.101608|2019-08-02 00:39:26|lipponen||3787|sector1
211380233|211380233.01||||||||PC||12.1074|0.007|321.019977|-30.619304|-398.432|0.096|-518.99|0.078|2458329.7986||4.590278||6442.741003||997352.087688554||3.33333333333333||||||||||2.03187902159416||||||||||||||||||||33.4257|.0924|3416|157|4.93852|.00704703|.288607|.00874284|2019-05-21 08:49:47|lipponen||3625|continious_drop_in_lc
212323118|212323118.01||||||||PC||13.9194|0.007|309.894438|-26.11214|28.206|0.138|13.002|0.096|2458343.911|.004|169|14|14.317128|2.82659|13100|2600|3.82|0.1|||||.114|.011|||2.7|.3|||||||||.343|.019|||||||||48.1045|.21215|3173|157|5.03274|.020193|.218318|.00669119|2019-04-05 15:23:41|damboiu||3060|Identified from a single transit event
214299966|214299966.01||||||||PC||10.4589|0.006|339.168106|-36.944073|22.624|0.066|4.217|0.062|2458327.0339||3.068056||4594.788105||985476.049571035||1.76666666666667||||||||||16.0949265883722||||||||||||||||||||296.473|4.9015|6181|126.874|4.14277|.0846509|1.52612|.0728141|2019-06-06 03:40:31|lipponen||3787|sector1
214517366|214517366.01||||||||PC||10.4831|0.006|340.440146|-38.483848|-27.86|0.101|-152.606|0.117|2458330.959||||3538.464424||961574.968670588||3.56666666666667||||||||||17.3022093221642||||||||||||||||||||92.2188|.62215|4614|124.886|4.47588|.0952772|.818007|.0622865|2019-06-06 03:40:31|lipponen||3787|sector1
219308281|219308281.01||||||||PC||11.7229|0.006|316.773143|-54.081505|-0.429|0.06|-7.517|0.049|2458326.8172||2.860417||191.53871||161728.85717196||8.03333333333333||||||||||48.3253364205921||||||||||||||||||||1073.07|41.22|6524|131.463|3.64312|.0991172|2.89086|.170211|2019-06-22 00:19:17|lipponen||3787|sector1
219308281|219308281.02||||||||PC||11.7229|0.006|316.773143|-54.081505|-0.429|0.06|-7.517|0.049|2458328.2463||2.851389||1499.701177||748742.213747439||8.53333333333333||||||||||103.979395151146||||||||||||||||||||1073.07|41.22|6524|131.463|3.64312|.0991172|2.89086|.170211|2019-06-22 00:19:17|lipponen||3787|sector1
220388567|220388567.01||||||||PC||9.1763|0.006|337.301915|-56.869855|-19.903|0.062|2.091|0.071|2458326.2222||1.829167||1274.328295||690779.212350764||5.53333333333333||||||||||172.833047932492||||||||||||||||||||308.79|4.678|6871|136.629|3.83307|.0906027|2.44959|.103392|2019-06-06 03:40:31|lipponen||3787|sector1
220408612|220408612.01||||||||PC||7.7421|0.006|70.477096|-58.020808|66.205|0.063|-11.99|0.083|||20.427938||0.163959|0.004343|151|4|3.775||||.765|.03|||||1.6|.05|||55.3|7|695||||.1493||||||||||55.5867|.1267|5545.71|108.146|4.27632|.0694678|1.19258|.0545226|2019-04-06 08:47:36|spencer||3074|Marginal PC
220408612|220408612.02||||||||PC||7.7421|0.006|70.477096|-58.020808|66.205|0.063|-11.99|0.083|2458411.379581||59.992133||0.232481|0.005972|214.1|5.5|6.335||||.66|.04|||||1.91|.11|||13.15|1.7|485||||.30618|.00096|||||||||55.5867|.1267|5545.71|108.146|4.27632|.0694678|1.19258|.0545226|2019-04-27 11:41:31|spencer||3074|Marginal PC
220474209|220474209.01||||||||PC||10.2897|0.006|75.385121|-59.512553|23.83|2|58.33|2|2458325.8915||0.98125||22.250373||20284.7888947952||1.6||||||||||18.0039872819751||||||||||||||||||||189.208||5843||||1.1589||2019-08-02 00:39:26|lipponen||3787|sector1
220474209|220474209.02||||||||PC||10.2897|0.006|75.385121|-59.512553|23.83|2|58.33|2|2458325.4026||0.9423611||78.633473||69863.6631012084||1.83333333333333||||||||||33.4125120014168||||||||||||||||||||189.208||5843||||1.1589||2019-08-02 00:39:26|lipponen||3787|sector1
220523550|220523550.01||||||||PC||11.1117|0.006|42.562613|-65.206962|7.649|0.036|5.839|0.033|2458330.9182||13.52361||6639.963033||997791.920087469||5.63333333333333||||||||||7.58753117786492||||||||||||||||||||389.304|2.8275|6352.8|105.144|4.23041|.083887|1.42566|.0609422|2019-06-06 03:40:31|lipponen||3787|sector1
220523550|220523550.02||||||||PC||11.1117|0.006|42.562613|-65.206962|7.649|0.036|5.839|0.033|2458337.7558||13.49514||3407.941964||956666.555222275||5.7||||||||||33.6128008555898||||||||||||||||||||389.304|2.8275|6352.8|105.144|4.23041|.083887|1.42566|.0609422|2019-06-06 03:40:31|lipponen||3787|sector1
220567625|220567625.01||||||||PC||7.3545|0.006|46.208835|-65.184545|-23.569|0.047|39.189|0.054|2458344.8779||19.44444||3323.88051||953178.233360152||7||||||||||65.9022333030298||||||||||||||||||||127.784|.4925|6209.74|142.411|3.63177|.0883379|2.76009|.143457|2019-05-12 09:25:49|lipponen||3542|firstBulkUpload
220567625|220567625.02||||||||PC||7.3545|0.006|46.208835|-65.184545|-23.569|0.047|39.189|0.054|2458335.0236||||7039.366728||998471.54270527||6.33333333333333||||||||||11.9070146703838||||||||||||||||||||127.784|.4925|6209.74|142.411|3.63177|.0883379|2.76009|.143457|2019-05-12 09:25:49|lipponen||3542|firstBulkUpload
229808144|229808144.01||||||||PC||10.0221|0.6|354.217056|-69.540151|-0.871|0.07|8.36|0.063|2458337.3433||11.61111||70.251519||62655.1613510401||4.8||||||||||76.9550369620887||||||||||||||||||||409.821|6.737|||||||2019-06-22 00:19:17|lipponen||3787|sector1
229808144|229808144.02||||||||PC||10.0221|0.6|354.217056|-69.540151|-0.871|0.07|8.36|0.063|2458331.3489||11.60764||18.714596||17089.0766932536||4.73333333333333||||||||||40.1899924089187||||||||||||||||||||409.821|6.737|||||||2019-06-22 00:19:17|lipponen||3787|sector1
231279823|231279823.01||||||||PC||8.70466|0.007|42.539739|-53.136803|-114.609|0.04|503.079|0.043|2458361.64103|.00104|5.97607|0.00073|||0|0|0.116|0.002|89.98|.47|.005|.14|.0363|.0005|17.2|.3|1.83|.06|||11.8|1|516.5|10.5|||.0516|.0001|0|0|||||||13.2017|.0042|3592|157|4.77196|.00654705|.460762|.0136682|2019-06-10 08:31:44|cloutier||4044|new CTOI from ORION (https://arxiv.org/abs/1812.08145)
231714759|231714759.01||||||||PC||9.3827|0.006|352.59283|-58.426307|15.424|0.053|-6.084|0.056|2458327.2661||5.486111||3091.802607||942019.900408304||7.13333333333333||||||||||121.31161162739||||||||||||||||||||448.951|6.651|7087|142.892|3.65667|.0857282|3.0807|.130713|2019-06-06 03:40:31|lipponen||3787|sector1
231714759|231714759.02||||||||PC||9.3827|0.006|352.59283|-58.426307|15.424|0.053|-6.084|0.056|2458330.0022||5.459722||578.900274||413267.844291161||11.6333333333333||||||||||385.907162312388||||||||||||||||||||448.951|6.651|7087|142.892|3.65667|.0857282|3.0807|.130713|2019-06-06 03:40:31|lipponen||3787|sector1
231833061|231833061.01||||||||PC||10.9619|0.006|24.007409|-65.690833|53.431|0.047|3.428|0.041|2458333.6009||||2131.635561||859606.896215939||11.3333333333333||||||||||43.3579210971557||||||||||||||||||||128.586|.419|4580|124.132|4.34877|.0966917|.9404|.0700326|2019-05-12 09:25:49|lipponen||3542|firstBulkUpload
231833061|231833061.02||||||||PC||10.9619|0.006|24.007409|-65.690833|53.431|0.047|3.428|0.041|2458346.5177||||763.021636||504787.788125685||3||||||||||81.4312752107359||||||||||||||||||||128.586|.419|4580|124.132|4.34877|.0966917|.9404|.0700326|2019-05-12 09:25:49|lipponen||3542|firstBulkUpload
231860752|231860752.01||||||||PC||8.582|0.018|28.867949|-63.077165|3.248|0.071|11.734|0.084|2458327.8089||0.9888889||11.36239||10410.5787775296||2.03333333333333||||||||||35.7285276708305||||||||||||||||||||302.8677|36.5461|||||||2019-06-22 00:19:17|lipponen||3787|sector1
234347951|234347951.01||||||||PC||10.4416|0.006|39.106486|-70.970554|33.26|0.043|8.788|0.039|2458331.3753||||1295.00002||696610.887165069||5.13333333333333||||||||||101.896853065797||||||||||||||||||||307.54|2.2545|5991|133.102|4.01662|.0782297|1.7038|.078784|2019-06-06 03:40:31|lipponen||3787|sector1
234347951|234347951.02||||||||PC||10.4416|0.006|39.106486|-70.970554|33.26|0.043|8.788|0.039|2458336.317||||2107.802671||856491.068313167||7.46666666666667||||||||||70.0809921183596||||||||||||||||||||307.54|2.2545|5991|133.102|4.01662|.0782297|1.7038|.078784|2019-06-06 03:40:31|lipponen||3787|sector1
234503282|234503282.01||||||||PC||10.9643|0.006|11.595655|-63.473031|18.439|0.155|8.677|0.127|2458335.1498|.0008|1.4376|0.0002|18.726662|0.32577|17100|300|0.878||||||||||||||||||||||||||||||429.753|15.7155|6487.3|112.712|4.14029|.0890358|1.62485|.0877915|2019-04-23 13:49:21|feinstein||3341|Feinstein, A.~D., Montet, B.~T., Foreman-Mackey, D., et al.\ 2019, arXiv e-prints , arXiv:1903.09152.
234504626|234504626.01||||||||PC||11.6621|0.006|11.940817|-62.423186|50.224|0.041|-14.59|0.037|2458335.5641|.0013|0.5341|0.0043|3.806742|0.217169|3500|200|0.117||||||||||||||||||||||||||||||186.451|.9115|5006.64|122.887|4.53857|.0896288|.811496|.050995|2019-04-23 13:51:30|feinstein||3342|Feinstein, A.~D., Montet, B.~T., Foreman-Mackey, D., et al.\ 2019, arXiv e-prints , arXiv:1903.09152.
235009317|235009317.01||||||||PC||11.8251|0.006|352.645939|-61.974387|4.731|0.038|-0.339|0.04|2458329.2146||7.458333||24.18483||22028.794354717||3.1||||||||||19.7401562447955||||||||||||||||||||711.99|13.1905|6165|128.564|3.91507|.0849636|1.97512|.0965576|2019-08-02 00:39:26|lipponen||3787|sector1
235009317|235009317.02||||||||PC||11.8251|0.006|352.645939|-61.974387|4.731|0.038|-0.339|0.04|2458325.4853||7.452778||3.742767||3441.28095642617||3.1||||||||||7.80216781226106||||||||||||||||||||711.99|13.1905|6165|128.564|3.91507|.0849636|1.97512|.0965576|2019-08-02 00:39:26|lipponen||3787|sector1
237332597|237332597.01||||||||PC||8.0969|0.006|346.829133|-60.876333|22.612|0.039|0.656|0.045|2458326.1328||2.929861||10.369564||9505.2584005642||3.23333333333333||||||||||15.55974113606||||||||||||||||||||101.649|.3175|6658|132.174|4.3034|.0880451|1.38165|.0583417|2019-08-02 00:39:26|lipponen||3787|sector1
237332597|237332597.02||||||||PC||8.0969|0.006|346.829133|-60.876333|22.612|0.039|0.656|0.045|2458327.5925||2.930556||150.290685||129269.562793836||3.5||||||||||57.3810569484517||||||||||||||||||||101.649|.3175|6658|132.174|4.3034|.0880451|1.38165|.0583417|2019-08-02 00:39:26|lipponen||3787|sector1
238027971|238027971.01||||||||PC||10.5178|0.007|103.330873|-53.11727|-42.433|0.05|497.956|0.067|2458379.52243|.01607|14.408365|0.022314|||0|0|0.179|0.002|90.01|.26|-.007|.124|.0395|.0014|26.9|.4|2.34|.11|||4.9|.4|415.1|8.6|||.0975|.0004|0|0|||||||38.664|.0389|3640|157|4.69934|.0103848|.543755|.0170117|2019-06-10 08:50:14|cloutier||4046|new CTOI from ORION (https://arxiv.org/abs/1812.08145)
238611475|238611475.01||||||||PC||13.8361|0.006|122.331143|-48.390754|-5.696|0.068|7.877|0.061|2458492.1133316|.0029563962016254663|1.5361660053170445|0.00033981523316939377|119.785467|55.026269|104458.30001116359|49418.205829909544|2.9090251647143326|0.30516913729594874|73.70561726805047|2.799014040576268|1.013506658897687|.18211781182905265|.3232000928390393|.1081186213452125|3.612279418732028|.23849601871871465|49.31188113258963|14.793564339776891|||||||||||||||||||389.09|5.292|3709|122|||1.39878||2019-09-18 09:12:28|bouma|tfopwg|5722|V-shaped. Noisy star, 3% dip, PMS M dwarf (Zari+18).  (CDIPS; Bouma+19)
253922296|253922296.01||||||||PC||9.92411|0.006|338.126123|-31.244176|-17.838|0.072|11.036|0.073|2458327.7786||3.140972||12.830482||11747.7605630129||3.83333333333333||||||||||27.0788475904762||||||||||||||||||||316.319|3.8495|6277|132.779|3.89346|.0846762|2.07277|.0917186|2019-06-22 00:19:17|lipponen||3787|sector1
253922296|253922296.02||||||||PC||9.92411|0.006|338.126123|-31.244176|-17.838|0.072|11.036|0.073|2458335.6538||9.425694||1.32765||1222.06311792322||2.96666666666667||||||||||9.425694||||||||||||||||||||316.319|3.8495|6277|132.779|3.89346|.0846762|2.07277|.0917186|2019-06-22 00:19:17|lipponen||3787|sector1
253928535|253928535.01||||||||PC||11.1863|0.007|338.505075|-30.604998|-20.207|0.07|2.568|0.071|2458326.2604||1.122222||260.047576||212988.697120915||2.26666666666667||||||||||||||||||||||||||||||179.793|2.0975|4937|120.907|4.34083|.0900007|1.00785|.0657839|2019-08-02 00:39:26|lipponen||5065|sector1
257605131|257605131.02||||||||PC||10.2666|0.006|62.966385|-37.93973|-11.167|0.039|12.375|0.054|2458411.005||1.857769||0.420587|0.01596|387.3|14.7|1.712||||.538|.024|||||1.85|.06|||758.7|36.8|1337||||.02854||||||||||123.739|.385|5481|127.581|4.55516|.0796995|.856226|.0441055|2019-04-28 17:03:10|spencer||3408|Marginal PC
257605131|257605131.03||||||||PC||10.2666|0.006|62.966385|-37.93973|-11.167|0.039|12.375|0.054|2458411.790953||3.064258||0.409671|0.083659|377.25|77.05|3.723||||||||||1.82|.22|||389.2|18.9|1132||||.03985||||||||||123.739|.385|5481|127.581|4.55516|.0796995|.856226|.0441055|2019-04-28 17:14:28|spencer||3409|Marginal PC
259784884|259784884.01||||||||PC||11.5422|0.006|323.619207|-61.582832|25.144|0.041|-1.262|0.063|2458337.7346||||6481.776989||997445.598242242||15.6666666666667||||||||||5.06591500923616||||||||||||||||||||550.786|10.3145|5264|122|||2.3422||2019-05-12 09:25:49|lipponen||3542|firstBulkUpload
259784884|259784884.02||||||||PC||11.5422|0.006|323.619207|-61.582832|25.144|0.041|-1.262|0.063|2458347.1857||||3765.399623||968822.581640818||8||||||||||17.6983741703539||||||||||||||||||||550.786|10.3145|5264|122|||2.3422||2019-05-12 09:25:49|lipponen||3542|firstBulkUpload
260502102|260502102.01||||||||PC||11.0261|0.006|96.515544|-59.016248|-53.954|0.039|-18.806|0.039|2458327.0422||7.315278||1981.135707||838732.92195105||3||||||||||38.026959711413||||||||||||||||||||190.57|.7065|5177.92|120.065|4.36009|.0831747|1.0262|.0589196|2019-05-12 09:25:49|lipponen||3542|firstBulkUpload
260502102|260502102.02||||||||PC||11.0261|0.006|96.515544|-59.016248|-53.954|0.039|-18.806|0.039|2458329.4269||7.309722||1951.430114||834259.763408384||3.16666666666667||||||||||38.5507403785001||||||||||||||||||||190.57|.7065|5177.92|120.065|4.36009|.0831747|1.0262|.0589196|2019-05-12 09:25:49|lipponen||3542|firstBulkUpload
260504147|260504147.01||||||||PC||8.529|0.033|96.43016|-55.161774|-0.7|1.4|0.3|1.4|2458328.2266||4.275694||192.595343||162544.261877954||5.2||||||||||119.031922713184||||||||||||||||||||206.186||||||||2019-06-22 00:19:17|lipponen||3787|sector1
260639999|260639999.01||||||||PC||11.063|0.018|97.948323|-56.974347|3.1|4.8|-3.3|4.3|2458596.692||22.635251||4.92476||4525.6||3.6||||||.06616975067000001||||14.15723872||||||||||||||||||||434.389||6409.05||||1.92558||2019-06-21 23:04:34|galgano||4210|vetted with DAVE (https://arxiv.org/abs/1901.07459)
260756218|260756218.01||||||||PC||12.6936|0.006|347.269602|-67.643325|16.594|3.106|15.317|3.106|||2||0.000031||0.028436||2||||||||||19||||||||||||||||||||450.118||||||||2019-02-28 08:59:49|lipponen||2215|First try
261107974|261107974.01||||||||PC||12.5716|0.006|83.665472|-80.125764|15.861|0.018|31.727|0.022|2458595.527||12.768152||7.660446||7030.7||1.68||||||.08247469133999999||||5.820532211000001||||||||||||||||||||148.989|.24|4269|126.227|4.65837|.10338|.635162|.0563291|2019-06-21 23:04:34|galgano||4210|flares; vetted with DAVE (https://arxiv.org/abs/1901.07459)
261261490|261261490.01||||||||PC||10.3746|0.006|90.429115|-79.784997|1.622|0.114|20.214|0.094|2458595.885||3.539589||0.665978||613.2||2.16||||||.024356926659999997||||3.7749447469999997||||||||||||||||||||262.406|3.9715|6456|136.572|4.26628|.0884418|1.39486|.0658694|2019-06-21 23:04:34|galgano||4210|vetted with DAVE (https://arxiv.org/abs/1901.07459)
261335113|261335113.01||||||||PC||13.6527|0.007|92.335737|-80.694348|32.683|3.251|-18.247|3.251|2458326.508||8.119444||1306.763855||699880.331494965||1.73333333333333||||||||||||||||||||||||||||||||3347|157|4.62573|.0180057|.630417|.0255995|2019-05-25 09:17:28|lipponen||3787|sector1
261335113|261335113.02||||||||PC||13.6527|0.007|92.335737|-80.694348|32.683|3.251|-18.247|3.251|2458338.3953||8.130556||1173.915535||660817.227430338||2.4||||||||||||||||||||||||||||||||3347|157|4.62573|.0180057|.630417|.0255995|2019-05-25 09:17:28|lipponen||3787|sector1
263074592|263074592.01||||||||PC||9.3587|0.006|16.410189|-80.061273|38.287|0.043|7.317|0.035|2458328.9493||8.376389||1460.736448||739561.358906992||14.2333333333333||||||||||307.371076507331||||||||||||||||||||395.651|3.4495|5270|124|||4.65166||2019-05-25 09:17:28|lipponen||3787|sector1
263074592|263074592.02||||||||PC||9.3587|0.006|16.410189|-80.061273|38.287|0.043|7.317|0.035|2458333.0076||8.413194||2746.508728||920311.342810023||13.0666666666667||||||||||170.023339542642||||||||||||||||||||395.651|3.4495|5270|124|||4.65166||2019-05-25 09:17:28|lipponen||3787|sector1
264979636|264979636.02||||||||PC||10.1432|0.006|115.71678|8.866906|-11.23|0.079|-13.192|0.058|2458493.691||7.331609||0.630779|0.034744|580.8|32|2.344||||.8|.04|||||2.87|.33|||187.2|36|942||||.07432||||||||||159.814|1.219|5891|121.572|4.43973|.0786655|1.03195|.0476683|2019-04-07 11:40:59|spencer||3080|s2n=6.5; near a 5:2 resonance with TOI-518.01
265469420|265469420.01||||||||PC||11.3881|0.006|321.254114|-60.358717|24.852|0.046|1.08|0.044|2458335.3736||||5955.27049||995851.493220616||8||||||||||13.1993451113452||||||||||||||||||||531.805|8.229|6543|132.092|4.13041|.0915263|1.65575|.076382|2019-05-12 09:25:49|lipponen||3542|firstBulkUpload
265469420|265469420.02||||||||PC||11.3881|0.006|321.254114|-60.358717|24.852|0.046|1.08|0.044|2458350.9149||||3003.370005||937099.804103928||9||||||||||51.3963740392318||||||||||||||||||||531.805|8.229|6543|132.092|4.13041|.0915263|1.65575|.076382|2019-05-12 09:25:49|lipponen||3542|firstBulkUpload
265489698|265489698.01||||||||PC||8.7863|0.006|321.767939|-62.653771|-27.259|0.036|7.337|0.044|2458326.4582||1.15625||95.299554||84032.2599846685||0.915967740015332||||||||||72.1057067826568||||||||||||||||||||210.672|1.2705|6558|130.805|3.90501|.0912997|2.15426|.0948867|2019-09-07 00:05:27|lipponen||5555|sector1
265489698|265489698.02||||||||PC||8.7863|0.006|321.767939|-62.653771|-27.259|0.036|7.337|0.044|2458325.8818||1.153472||23.99485||21857.6556243043||0.978142344375696||||||||||36.7746379641153||||||||||||||||||||210.672|1.2705|6558|130.805|3.90501|.0912997|2.15426|.0948867|2019-09-07 00:05:27|lipponen||5555|sector1
265613590|265613590.01||||||||PC||7.2228|0.006|333.161583|-54.291251|129.566|0.467|-87.411|0.437|2458325.6905||4.820139||5967.06513||995896.315650464||4.1||||||||||10.7936327005044||||||||||||||||||||73.5561|1.40315|6367|122.82|4.15203|.0848136|1.56646|.0709598|2019-05-25 09:17:28|lipponen||3787|sector1
265613590|265613590.02||||||||PC||7.2228|0.006|333.161583|-54.291251|129.566|0.467|-87.411|0.437|2458328.1585||4.815972||2884.036574||929792.199040294||5||||||||||44.3046442693659||||||||||||||||||||73.5561|1.40315|6367|122.82|4.15203|.0848136|1.56646|.0709598|2019-05-25 09:17:28|lipponen||3787|sector1
266996791|266996791.01||||||||PC||10.4893|0.006|349.926728|-55.611503|28.055|0.049|4.827|0.057|2458325.5746||2.126389||2135.280842||860077.465470148||6.66666666666667||||||||||371.080026445976||||||||||||||||||||667.695|17.3615|8201|143.261|4.0256|.0772462|2.27945|.0962413|2019-06-22 00:19:17|lipponen||3787|sector1
266996791|266996791.02||||||||PC||10.4893|0.006|349.926728|-55.611503|28.055|0.049|4.827|0.057|2458326.6399||2.122917||137.628326||119055.254470766||6.63333333333333||||||||||138.061655961366||||||||||||||||||||667.695|17.3615|8201|143.261|4.0256|.0772462|2.27945|.0962413|2019-06-22 00:19:17|lipponen||3787|sector1
267185423|267185423.01||||||||PC||9.4963|0.006|5.990051|-72.316078|-27.639|0.074|-7.381|0.056|2458325.5248||||3556.285461||962200.5208596||2.6||||||||||28.1737868103016||||||||||||||||||||128.468|.5805|5637|133.768|4.26901|.0761929|1.21487|.0632462|2019-06-06 03:40:31|lipponen||3787|sector1
269829384|269829384.01||||||||PC||11.9403|0.007|308.466516|-26.342861|-3.789|0.073|2.292|0.047|2458327.0224||1.23125||23.112508||21062.429128789||1.9||||||||||20.0661321908445||||||||||||||||||||859.144|33.471|6282|127.248|3.8231|.0902186|2.25131|.13588|2019-06-22 00:19:17|lipponen||3787|sector1
269829384|269829384.02||||||||PC||11.9403|0.007|308.466516|-26.342861|-3.789|0.073|2.292|0.047|2458330.1209||1.247569||11.885122||10886.9061502767||1.73333333333333||||||||||14.4265232521812||||||||||||||||||||859.144|33.471|6282|127.248|3.8231|.0902186|2.25131|.13588|2019-06-22 00:19:17|lipponen||3787|sector1
270677759|270677759.01||||||||PC||12.5937|0.006|87.775974|-52.757918|30.255|0.026|15.009|0.024|2458597.202||9.121476||9.168012||8408.5||3.6||||||.09019462965||||7.710247829||||||||||||||||||||324.857|1.379|5596|129.758|4.66144|.0751695|.769361|.0381408|2019-06-21 23:04:34|galgano||4210|centroid offset; vetted with DAVE (https://arxiv.org/abs/1901.07459)
272357134|272357134.01||||||||PC||8.5363|0.006|119.479631|-73.473119|-0.496|0.044|-9.318|0.05|2458326.8308||4.1875||1.471513||1354.39563956123||4.86666666666667||||||||||9.43582194693185||||||||||||||||||||181.878|.837|6538.96|114.658|3.8425|.0901821|2.30649|.0991959|2019-06-22 00:19:17|lipponen||3787|sector1
272357134|272357134.02||||||||PC||8.5363|0.006|119.479631|-73.473119|-0.496|0.044|-9.318|0.05|2458328.5488||4.195833||18.574206||16961.974271309||5.26666666666667||||||||||33.3922100645847||||||||||||||||||||181.878|.837|6538.96|114.658|3.8425|.0901821|2.30649|.0991959|2019-06-22 00:19:17|lipponen||3787|sector1
273792220|273792220.01||||||||PC||7.4648|0.006|30.550929|-62.591768|57.652|0.079|63.242|0.054|2458325.7157||1.9868||29.012437||26367.5832069004||1.93333333333333||||||||||26.9838371323436||||||||||||||||||||66.3472|.16095|5892|121.539|4.13864|.0747987|1.46017|.0674322|2019-06-22 00:19:17|lipponen||3787|sector1
273792220|273792220.02||||||||PC||7.4648|0.006|30.550929|-62.591768|57.652|0.079|63.242|0.054|2458326.7102||1.986806||59.173873||53042.581631956||1.96666666666667||||||||||38.271974713164||||||||||||||||||||66.3472|.16095|5892|121.539|4.13864|.0747987|1.46017|.0674322|2019-06-22 00:19:17|lipponen||3787|sector1
275083922|275083922.01||||||||PC||10.9613|0.007|149.437136|-54.164866|-402.506|0.055|18.894|0.049|2458565.69083|.00525|7.403684|0.007176|||0|0|0.124|0.013|90.11|.87|-.038|.302|.045|.0025|20|2.1|2.44|.15|||11|.9|506.9|10.2|||.061|.0002|0|0|||||||43.2191|.0609|3691|157|4.7422|.00810341|.494532|.0148577|2019-06-10 09:00:02|cloutier||4048|new CTOI from ORION (https://arxiv.org/abs/1812.08145)
277649549|277649549.01||||||||PC||7.5194|0.006|329.04116|-60.229457|33.598|0.059|-2.031|0.075|2458326.4805||14.48819||3502.5482||960282.608298775||4.16666666666667||||||||||41.2864647382285||||||||||||||||||||103.989|.451|6607|121.782|4.02762|.0839428|1.88436|.0832613|2019-05-25 09:17:28|lipponen||3787|sector1
277649549|277649549.02||||||||PC||7.5194|0.006|329.04116|-60.229457|33.598|0.059|-2.031|0.075|2458329.1013||14.49028||2275.126082||876987.408721874||4.4||||||||||72.6594523878149||||||||||||||||||||103.989|.451|6607|121.782|4.02762|.0839428|1.88436|.0832613|2019-05-25 09:17:28|lipponen||3787|sector1
278661431|278661431.01||||||||PC||12.4856|0.007|328.816671|-66.090744|102.617|0.059|-4.594|0.069|2458343.9299|.0025|17.6317|0.0048|||||||89.98|.12|||.094|.002|46.41|.38|2.82|.11|||1.1|.1|||||||||||||||35.6143|.06375|3328|157|4.95406|.00902508|.275375|.00833466|2019-02-21 16:14:10|christiansen||2163|Planet candidates identified in https://arxiv.org/pdf/1812.08145.pdf
278683641|278683641.01||||||||PC||9.5402|0.006|99.245482|-58.459941|-10.653|0.049|52.744|0.048|2458326.9115||4.252083||15.43281||14113.5995123839||3.96666666666667||||||||||21.2798549710583||||||||||||||||||||203.197|.9165|6095|131.686|4.03357|.0840987|1.70098|.0772464|2019-06-22 00:19:17|lipponen||3787|sector1
278683641|278683641.02||||||||PC||9.5402|0.006|99.245482|-58.459941|-10.653|0.049|52.744|0.048|2458329.024||4.259722||161.699992||138371.603847909||4.33333333333333||||||||||67.2660198105464||||||||||||||||||||203.197|.9165|6095|131.686|4.03357|.0840987|1.70098|.0772464|2019-06-22 00:19:17|lipponen||3787|sector1
278784173|278784173.01||||||||PC||12.814|0.018|335.730326|-37.527463|20.379|3.1|79.368|3.1|2458325.7104||1.497222||34.668663||31426.6071350209||0.533333333333333||||||||||||||||||||||||||||||||||||||2019-08-02 00:39:26|lipponen||3787|sector1
278988794|278988794.01||||||||PC||13.7216|0.006|101.902378|-57.824739|-2.796|0.033|5.5|0.029|2458328.4822||7.503472||102.979162||90488.2058431141||3.96666666666667||||||||||40.5862195141658||||||||||||||||||||1584.54|39.655|6079|122|3.89474||1.9958||2019-06-22 00:19:17|lipponen||3787|sector1
278988794|278988794.02||||||||PC||13.7216|0.006|101.902378|-57.824739|-2.796|0.033|5.5|0.029|2458339.8767||3.807639||44.772669||40398.4688921557||3.56666666666667||||||||||27.118462552119||||||||||||||||||||1584.54|39.655|6079|122|3.89474||1.9958||2019-06-22 00:19:17|lipponen||3787|sector1
279314488|279314488.01||||||||PC||10.519|0.006|331.680517|-43.732979|1.295|0.061|-11.496|0.055|2458325.5048||1.829861||4644.006428||986119.74550823||2.73333333333333||||||||||38.6463639234113||||||||||||||||||||490.137|13.2795|6371|134.934|3.80368|.089949|2.33937|.117249|2019-05-25 09:17:28|lipponen||3787|sector1
279314488|279314488.02||||||||PC||10.519|0.006|331.680517|-43.732979|1.295|0.061|-11.496|0.055|2458326.4173||1.835417||3211.408127||948067.796602306||3||||||||||74.7529437017508||||||||||||||||||||490.137|13.2795|6371|134.934|3.80368|.089949|2.33937|.117249|2019-05-25 09:17:28|lipponen||3787|sector1
287328866|287328866.01||||||||PC||12.4034|0.006|109.764668|-58.845102|2.274|0.148|-9.071|0.128|2458325.7266||2.063194||12.971663||11876.256862818||2.7||||||||||13.7906246121951||||||||||||||||||||912.855|62.182|6210|137.667|3.85046|.100527|2.14575|.170578|2019-06-22 00:19:17|lipponen||3787|sector1
287328866|287328866.02||||||||PC||12.4034|0.006|109.764668|-58.845102|2.274|0.148|-9.071|0.128|2458328.8308||2.079861||19.166074||17497.7116893515||2.53333333333333||||||||||16.7392029184224||||||||||||||||||||912.855|62.182|6210|137.667|3.85046|.100527|2.14575|.170578|2019-06-22 00:19:17|lipponen||3787|sector1
290049697|290049697.01||||||||PC||9.188|0.018|319.231665|-28.604938|-69.49|2|-39.16|2|2458335.332||||3318.040037||952925.687596382||5.36666666666667||||||||||215.175930405981||||||||||||||||||||83.1488||||||||2019-05-25 09:17:28|lipponen||3787|sector1
293480903|293480903.01||||||||PC||10.4412|0.006|49.97266|-82.143451|-9.1|2.6|-0.9|2.5|2458327.1836||7.577778||5127.181571||991105.380553995||2.83333333333333||||||||||9.755420627099||||||||||||||||||||208.558||6180.3||||.948298||2019-05-25 09:17:28|lipponen||3787|sector1
293480903|293480903.02||||||||PC||10.4412|0.006|49.97266|-82.143451|-9.1|2.6|-0.9|2.5|2458330.9822||7.57014||3854.017271||971266.198216787||2.63333333333333||||||||||17.5339134975622||||||||||||||||||||208.558||6180.3||||.948298||2019-05-25 09:17:28|lipponen||3787|sector1
293689267|293689267.01||||||||PC||9.529|0.14|97.96052|-43.534887|-263.82|0.054|-13.143|0.051|2458485.04768|.00696|14.833526|0.008873|||0|0|0.172|0.01|90.13|.67|-.063|.334|.0393|.0015|28.7|1.6|2.1|7.23|||||||||||0|0|||||||23.7769|.0153|||4.66589||.582697|1.78635|2019-06-10 08:50:14|cloutier||4046|new CTOI from ORION (https://arxiv.org/abs/1812.08145)
296737508|296737508.01||||||||PC||9.19706|0.006|142.17927|-14.686449|1.342|0.079|-4.534|0.063|2458538|.1|||1.956086|0.108579|1800|100|13|1|||||||||||||||||||||||||||||118.021|.582|5699.6|132.759|4.23585|.0784879|1.27157|.067284|2019-05-16 02:39:37|aigrain||3571|Planethunters-TESS candidate (single event)
299780329|299780329.01||||||||PC||10.9679|0.006|37.530328|-79.75656|11.464|0.044|-12.791|0.04|2458336.5707|.0022|1.6022|0.0074|0.868937|0.108579|800|100|0.45||||||||||||||||||||||||||||||305.601|1.8945|5910.04|105.679|4.17959|.0713582|1.39294|.0587311|2019-04-23 13:53:29|feinstein||3343|Feinstein, A.~D., Montet, B.~T., Foreman-Mackey, D., et al.\ 2019, arXiv e-prints , arXiv:1903.09152.
300560295|300560295.01||||||||PC||10.7757|0.006|112.915751|-68.133174|-20.414|0.08|9.187|0.092|2458325.6219||10.28889||4223.851515||979561.011758532||2.16666666666667||||||||||17.7209461979292||||||||||||||||||||250.91|2.6945|5885.02|116.854|4.25124|.0746638|1.28264|.0602638|2019-05-17 08:38:48|lipponen||3612|single_continuous_drop_in_lc
300903537|300903537.01||||||||PC||12.2995|0.007|321.546763|-28.880734|15.336|0.067|-35.226|0.053|2458326.6485||5.823611||94.163043||83072.9540514197||2.63333333333333||||||||||25.0986475556726||||||||||||||||||||226.59|2.2465|4840.74|129.924|4.52996|.0930882|.797566|.0564221|2019-06-22 00:19:17|lipponen||3787|sector1
300903537|300903537.02||||||||PC||12.2995|0.007|321.546763|-28.880734|15.336|0.067|-35.226|0.053|2458347.0388||5.798611||11.02043||10098.8515259358||2.1||||||||||8.75097587635413||||||||||||||||||||226.59|2.2465|4840.74|129.924|4.52996|.0930882|.797566|.0564221|2019-06-22 00:19:17|lipponen||3787|sector1
300903537|300903537.03||||||||PC||12.2995|0.007|321.546763|-28.880734|15.336|0.067|-35.226|0.053|2458343.3194||||3.747825||3445.92372464715||3.43333333333333||||||||||5.11179375521586||||||||||||||||||||226.59|2.2465|4840.74|129.924|4.52996|.0930882|.797566|.0564221|2019-06-22 00:19:17|lipponen||3787|sector1
301980639|301980639.01||||||||PC||11.8352|0.007|329.63722|-21.682258|12.497|0.09|-2.565|0.084|2458326.94||4.782639||24.137277||21985.9602403083||2.5||||||||||17.3233594758642||||||||||||||||||||525.08|14.8415|5862|124.039|4.05318|.0779919|1.6036|.0878518|2019-08-02 00:39:26|lipponen||3787|sector1
303909865|303909865.01||||||||PC||9.1941|0.006|22.800214|-75.94729|14.121|0.041|2.155|0.043|2458326.2757||2.130556||1706.174207||792255.125645521||3.03333333333333||||||||||68.8706118143327||||||||||||||||||||116.479|.3185|5477|129.853|4.16426|.0801374|1.34288|.0721935|2019-05-25 09:17:28|lipponen||3787|sector1
303909865|303909865.02||||||||PC||9.1941|0.006|22.800214|-75.94729|14.121|0.041|2.155|0.043|2458327.3424||2.125||1454.790316||738131.130294953||2.93333333333333||||||||||77.3233603031118||||||||||||||||||||116.479|.3185|5477|129.853|4.16426|.0801374|1.34288|.0721935|2019-05-25 09:17:28|lipponen||3787|sector1
307085007|307085007.01||||||||PC||11.834|0.025|123.63197|-68.505208|10.71|1.07|-0.787|1.071|2458582.905||19.271528||1.468039||1351.2||3.12||||||||||||||||||||||||||||||539.581||||||||2019-07-08 14:40:23|galgano||4302|vetted w/ DAVE (https://arxiv.org/abs/1901.07459)
308538095|308538095.01||||||||PC||11.5983|0.006|120.851396|-60.665478|-5.527|0.047|10.737|0.04|2458502.143414753|.0027002491988241677|11.692997364273172|0.0038899988694369725|42.241579|23.923764|38158.81663441635|21793.612068595037|1.988685166640142|1.0474219372876992|87.41492615578241|2.363813966926415|1.0721076753474277|1.1626027446967682|.1953428182309663|.07888905781031487|23.770342452344128|13.87938038812176|28.857735401219355|11.73183079364502|||||||||||||||||||406.161|3.2475|6140|130.066|4.23906|.0832497|1.35436|.0632462|2019-10-06 08:19:39|bouma|tfopwg|5953|Cand WJ, NGC 2516 member (CG18). DR2 RV tension w/ Soubiran+19 RV, at low significance (need RVs). (CDIPS; Bouma+19)
308851582|308851582.01||||||||PC||9.8967|0.006|122.585794|-63.740075|-45.044|0.047|60.645|0.049|2458329.0061||4.91875||18.408375||16811.8174578735||2.7||||||||||4.91875||||||||||||||||||||134.544|.4405|5916|140.01|4.47249|.0769769|.998846|.0483694|2019-08-02 00:39:26|lipponen||3787|sector1
308851582|308851582.02||||||||PC||9.8967|0.006|122.585794|-63.740075|-45.044|0.047|60.645|0.049|2458326.552||4.911806||243.014752||200544.860095754||3.06666666666667||||||||||55.8806807439366||||||||||||||||||||134.544|.4405|5916|140.01|4.47249|.0769769|.998846|.0483694|2019-08-02 00:39:26|lipponen||3787|sector1
308991822|308991822.01||||||||PC||9.0625|0.006|123.112974|-65.544115|-17.518|0.063|172.052|0.055|2458328.1771||8.226389||1519.505561||753283.738377071||4.83333333333333||||||||||70.7516144767667||||||||||||||||||||124.385|.4415|6142|136.443|4.30061|.0786835|1.2617|.0586432|2019-05-12 09:25:49|lipponen||3542|firstBulkUpload
308991822|308991822.02||||||||PC||9.0625|0.006|123.112974|-65.544115|-17.518|0.063|172.052|0.055|2458332.2993||8.298611||3067.128259||940687.163107205||4.33333333333333||||||||||34.6906002782665||||||||||||||||||||124.385|.4415|6142|136.443|4.30061|.0786835|1.2617|.0586432|2019-05-12 09:25:49|lipponen||3542|firstBulkUpload
309146836|309146836.01||||||||PC||5.2111|0.007|123.816122|-62.915695|-26.674|0.363|-12.06|0.375|2458327.6741||5.425694||49.026978||44151.1788674239||5.53333333333333||||||||||68.7047324092902||||||||||||||||||||79.5829|1.0942|8847|122.151|3.88994|.0688701|2.80684|.0845729|2019-08-02 00:39:26|lipponen||3787|sector1
309146836|309146836.02||||||||PC||5.2111|0.007|123.816122|-62.915695|-26.674|0.363|-12.06|0.375|2458329.4949||5.430556||28.075355||25526.8933920823||3.43333333333333||||||||||52.2413610055274||||||||||||||||||||79.5829|1.0942|8847|122.151|3.88994|.0688701|2.80684|.0845729|2019-08-02 00:39:26|lipponen||3787|sector1
309658221|309658221.01||||||||PC||9.8567|0.006|79.253766|-61.514538|5.8|2.4|11.8|2.3|2458327.2304||7.586806||4032.682592||975625.991213519||3.96666666666667||||||||||27.5897746634582||||||||||||||||||||302.274||6813||||1.62012||2019-05-25 09:17:28|lipponen||3787|sector1
309658221|309658221.02||||||||PC||9.8567|0.006|79.253766|-61.514538|5.8|2.4|11.8|2.3|2458331.0263||7.60104||4482.668733||983896.046545461||4.4||||||||||22.4259539011953||||||||||||||||||||302.274||6813||||1.62012||2019-05-25 09:17:28|lipponen||3787|sector1
325205605|325205605.01||||||||PC||11.9179|0.006|355.571727|-69.906823|0.999|0.08|-6.203|0.075|2458326.5432||4.245139||14.045236||12852.8281010882||3.66666666666667||||||||||11.8261836195754||||||||||||||||||||564.336|13.4285|5598.9|107.979|3.92951|.0773892|1.78689|.0942336|2019-06-22 00:19:17|lipponen||3787|sector1
325205605|325205605.02||||||||PC||11.9179|0.006|355.571727|-69.906823|0.999|0.08|-6.203|0.075|2458328.6613||4.25||100.444206||88362.2139955717||4.63333333333333||||||||||31.9643312380849||||||||||||||||||||564.336|13.4285|5598.9|107.979|3.92951|.0773892|1.78689|.0942336|2019-06-22 00:19:17|lipponen||3787|sector1
325469795|325469795.01||||||||PC||9.7293|0.006|354.533756|-81.355108|4.883|0.045|-0.457|0.05|2458328.6634||||1456.706457||738592.877111365||15.6||||||||||171.967822430199||||||||||||||||||||383.887|4.205|6331|133.681|3.61138|.0855281|2.89601|.135075|2019-05-25 09:17:28|lipponen||3787|sector1
325469795|325469795.02||||||||PC||9.7293|0.006|354.533756|-81.355108|4.883|0.045|-0.457|0.05|2458346.127||||1151.08377||653609.085700382||10.8333333333333||||||||||197.957394691948||||||||||||||||||||383.887|4.205|6331|133.681|3.61138|.0855281|2.89601|.135075|2019-05-25 09:17:28|lipponen||3787|sector1
326356701|326356701.01||||||||PC||8.3387|0.007|325.596932|-21.762702|-11.032|0.24|-10.733|0.196|2458325.5679||1.111111||4645.494323||986138.7540111||3.06666666666667||||||||||9.02708708093487||||||||||||||||||||732.467|101.731|4674|122|||17.3777||2019-06-06 03:40:31|lipponen||3787|sector1
326356701|326356701.02||||||||PC||8.3387|0.007|325.596932|-21.762702|-11.032|0.24|-10.733|0.196|2458326.1277||1.108333||5811.883392||995265.799542241||3.06666666666667||||||||||5.58554537917517||||||||||||||||||||732.467|101.731|4674|122|||17.3777||2019-06-06 03:40:31|lipponen||3787|sector1
327667965|327667965.01||||||||PC||8.1226|0.006|329.464946|-68.214296|42.828|0.194|-85.242|0.209|2458331.1869||0.4430556||8.72082||8000||1.8||||||||||10.85507||||||||||||||||||||52.3086|.3738|5129|125.619|4.28296|.0841266|1.10868|.0677864|2019-09-07 00:05:27|lipponen||5555|sector1
348755728|348755728.01|3|4|3|3|4|4|4|PC||13.3462|0.008|134.089246|-12.930644|30.75|0.106|3.168|0.192|2458517.809802||4.5059||10.435052||9565||1.973||||||||||5|1|||||||||||||||||||115.369|.8545|3477|157|4.74303|.00821872|.493576|.0149633|2019-05-02 07:28:11|collins|tfopwg|3443|Originally from TIC 348755723.01 (TOI 633.01)
349118653|349118653.01|5|5|5|5|5|5|5|PC|FP|13.8635|0.018|114.190411|-20.50155|-3.065|0.03|2.971|0.038|2458492.4392762|.0020285791251808405|0.7560075688316441|0.00011307769615981345|22.971229|1.036668|20935.038673819563|954.350375029464|2.8505896380075932|0.15864712699704148|67.25454213095857|3.6402849492470755|.7585796387655241|.1272447065910121|.14468945598701918|.004663972348280865|1.9619900981025344|.14107719300373533|44.77157834298073|13.431473502894216|||||||||||||||||||2664.32|174.625|7680|122|3.78767||2.83684||2019-11-24 08:47:57|bouma|tfopwg|5954|Cand VHJ in NGC2421 (CG18). Either stellar EB, or contracting planet / BD. Worth checking. (CDIPS; Bouma+19)
349154435|349154435.01||||||||PC||12.2068|0.006|108.180297|-62.016506|5.49|0.036|1.409|0.038|2458326.0992||4.430556||4538.942577||984709.454862382||1.93333333333333||||||||||||||||||||||||||||||493.803|4.4145|5832|137.007|4.19776|.076942|1.35129|.0691734|2019-06-06 03:40:31|lipponen||3787|sector1
349154435|349154435.02||||||||PC||12.2068|0.006|108.180297|-62.016506|5.49|0.036|1.409|0.038|2458328.2783||4.430556||3626.143803||964556.020324187||2.46666666666667||||||||||||||||||||||||||||||493.803|4.4145|5832|137.007|4.19776|.076942|1.35129|.0691734|2019-06-06 03:40:31|lipponen||3787|sector1
349155660|349155660.01||||||||PC||13.4929|0.006|108.351777|-63.988526|-0.05|0.038|3.61|0.032|2458335.1362|.0014|0.69792|0.0002|14.977417|0.651637|13700|600|1.937||||||||||||||||||||||||||||||1035.09|18.725|5285|122|3.85899||1.85807||2019-04-23 14:02:04|feinstein||3347|Feinstein, A.~D., Montet, B.~T., Foreman-Mackey, D., et al.\ 2019, arXiv e-prints , arXiv:1903.09152.
349518145|349518145.01||||||||PC||12.6017|0.006|111.25589|-61.316498|0.084|0.135|18.599|0.117|2458327.5796||4.139583||35.807466||32441.9875364709||2.76666666666667||||||||||23.1024432483555||||||||||||||||||||703.526|29.244|6121|131.755|4.13666|.0926951|1.52382|.0937914|2019-08-02 00:39:26|lipponen||3787|sector1
349647697|349647697.01||||||||PC||8.6006|0.006|112.155213|-64.63653|2.442|0.049|6.946|0.044|2458326.2753||0.5770833||132.95554||115255.678474719||1||||||||||48.4520893004274||||||||||||||||||||170.605|.7835|7266|135.03|4.19995|.0815405|1.68453|.0636683|2019-09-07 00:06:51|lipponen||5555|sector1
349647697|349647697.02||||||||PC||8.6006|0.006|112.155213|-64.63653|2.442|0.049|6.946|0.044|2458326.5572||0.5826389||4.195395||3856.64566472569||1.06666666666667||||||||||8.86311149831622||||||||||||||||||||170.605|.7835|7266|135.03|4.19995|.0815405|1.68453|.0636683|2019-09-07 00:06:51|lipponen||5555|sector1
349832804|349832804.01||||||||PC||13.7025|0.006|113.6442|-64.924974|-5.688|0.035|35.952|0.031|2458335.2914|.0013|1.0414|0.00002|11.131376|0.543004|10200|500|0.589||||||||||||||||||||||||||||||456.663|3.125|5226|122|4.60504||.778413||2019-04-23 14:05:21|feinstein||3348|Feinstein, A.~D., Montet, B.~T., Foreman-Mackey, D., et al.\ 2019, arXiv e-prints , arXiv:1903.09152.
350190639|350190639.01||||||||PC||11.794|0.019|355.046448|-62.407752|-5.688|0.035|35.952|0.031|2458328.245||1.863889||3343.813461||954029.988154229||1.76666666666667||||||||||||||||||||||||||||||||||||||2019-05-25 09:17:28|lipponen||3787|sector1
350479101|350479101.01||||||||PC||9.2823|0.006|85.794484|-59.144732|2.056|0.043|2.664|0.045|2458336.81||||3701.024134||966918.107486477||4.43333333333333||||||||||37.0926899769898||||||||||||||||||||230.356|1.1585|6662.6|122.034|4.05219|.0890496|1.8516|.0828139|2019-05-25 09:17:28|lipponen||3787|sector1
350479101|350479101.02||||||||PC||9.2823|0.006|85.794484|-59.144732|2.056|0.043|2.664|0.045|2458330.7828||11.92292||3532.215383||961353.172678304||4.4||||||||||40.0912945531134||||||||||||||||||||230.356|1.1585|6662.6|122.034|4.05219|.0890496|1.8516|.0828139|2019-05-25 09:17:28|lipponen||3787|sector1
350844139|350844139.01||||||||PC||12.2112|0.006|90.030008|-57.323357|-10.145|0.087|0.029|0.082|2458335.527|.0025|0.5709|0.0001|4.133657|0.217169|3800|200|0.311||||||||||||||||||||||||||||||573.83|14.8115|6661|133.189|4.40916|.0875641|1.22325|.0580402|2019-04-23 13:57:21|feinstein||3345|Feinstein, A.~D., Montet, B.~T., Foreman-Mackey, D., et al.\ 2019, arXiv e-prints , arXiv:1903.09152.
350930938|350930938.01||||||||PC||13.1637|0.006|90.669737|-54.83633|0.84|0.033|3.18|0.031|2458335.5272|.0026|2.6489|0.0013|28.268244|0.977603|25700|900|3.809||||||||||||||||||||||||||||||1082.12|17.96|6207|122|4.06357||1.6789||2019-04-23 13:58:43|feinstein||3346|Feinstein, A.~D., Montet, B.~T., Foreman-Mackey, D., et al.\ 2019, arXiv e-prints , arXiv:1903.09152.
355601117|355601117.01||||||||PC||11.2088|0.006|357.668555|-57.505976|2.075|0.04|-1.284|0.045|2458326.5437||4.156944||5413.977695||993170.18528327||4.36666666666667||||||||||22.9857291870916||||||||||||||||||||585.057|10.1175|5831|135.46|3.71435|.0795714|2.35751|.126985|2019-05-25 09:17:28|lipponen||3787|sector1
355601117|355601117.02||||||||PC||11.2088|0.006|357.668555|-57.505976|2.075|0.04|-1.284|0.045|2458328.6298||4.15||3381.459395||955596.598325946||5.2||||||||||58.6086807305139||||||||||||||||||||585.057|10.1175|5831|135.46|3.71435|.0795714|2.35751|.126985|2019-05-25 09:17:28|lipponen||3787|sector1
358457398|358457398.01||||||||PC||11.3587|0.007|60.245072|-77.897433|4.19|0.037|20.382|0.035|2458326.061||2.268056||1978.913712||838402.54563507||6.23333333333333||||||||||||||||||||||||||||||509.124|4.7545|5595.38|138.286|3.79224|.0873058|2.09282|.122447|2019-05-25 09:17:28|lipponen||3787|sector1
358457398|358457398.02||||||||PC||11.3587|0.007|60.245072|-77.897433|4.19|0.037|20.382|0.035|2458327.193||2.265972||948.700678||582631.441881899||6.5||||||||||||||||||||||||||||||509.124|4.7545|5595.38|138.286|3.79224|.0873058|2.09282|.122447|2019-05-25 09:17:28|lipponen||3787|sector1
360205899|360205899.01||||||||FP||12.6942|0.007|142.097054|-64.248508|-30.645|0.073|20.273|0.06|2458544.0856|.0099|0.428608|0.000075|20.827482||19000||||||||||||||||||||||||||||||||88.754|.2992|3291|157|4.70105|.00952243|.541772|.0161908|2019-09-13 13:18:26|earley||5649|Eclipsing binary candidate in Carina young moving group
364302118|364302118.01||||||||PC||10.3606|0.006|78.226553|-61.698686|5.019|1.533|2.77|2.165|2458325.7735||1.347222||3990.883445||974669.333223172||1.93333333333333||||||||||19.9086086472537||||||||||||||||||||194.255||5813||||1.14678||2019-05-25 09:17:28|lipponen||3787|sector1
364302118|364302118.02||||||||PC||10.3606|0.006|78.226553|-61.698686|5.019|1.533|2.77|2.165|2458326.4429||1.348611||3389.558332||955926.588620598||2.2||||||||||26.2606778593831||||||||||||||||||||194.255||5813||||1.14678||2019-05-25 09:17:28|lipponen||3787|sector1
369456296|369456296.01||||||||PC||11.0756|0.006|311.658892|-40.538884|35.666|0.071|-47.803|0.054|2458346.4522||||39.893101||36076.0750495685||5.03333333333333||||||||||26.504701894796||||||||||||||||||||310.455|4.549|5738|133.396|4.16231|.0805953|1.3941|.0696483|2019-06-22 00:19:17|lipponen||3787|sector1
370324073|370324073.01||||||||PC||10.586|0.006|341.243685|-58.267024|-32.624|0.052|-18.24|0.066|2458325.9178||||3570.743576||962700.537838705||5.83333333333333||||||||||25.7287236499653||||||||||||||||||||128.706|.654|5006|123.228|4.42807|.0851507|.921585|.0565427|2019-05-12 09:25:49|lipponen||3542|firstBulkUpload
370324073|370324073.02||||||||PC||10.586|0.006|341.243685|-58.267024|-32.624|0.052|-18.24|0.066|2458341.7345||||1356.624146||713351.058976482||7||||||||||71.3250571541077||||||||||||||||||||128.706|.654|5006|123.228|4.42807|.0851507|.921585|.0565427|2019-05-12 09:25:49|lipponen||3542|firstBulkUpload
372909935|372909935.01||||||||PC||11.0336|0.006|119.453506|-64.214574|-4.357|0.049|12.142|0.048|2458541.5519999997||3.6124669999999997||10.571979||9689.9||1.2||||||.09682356362||||19.22743843||||||||||||||||||||489.295|6.429|7015.55|116.939|4.12122|.0864156|1.78724|.0769296|2019-06-21 22:58:50|galgano||4210|vetted with DAVE (https://arxiv.org/abs/1901.07459)
381854774|381854774.01||||||||PC||10.5944|0.006|321.794169|-54.340509|9.722|0.083|-24.879|0.096|2458325.8254||1.642361||5984.675303||995962.338760445||1.33333333333333||||||||||10.2005060485346||||||||||||||||||||343.935|7.5585|6375|127.573|4.12824|.0864983|1.60996|.0770553|2019-05-12 09:25:49|lipponen||3542|firstBulkUpload
382517745|382517745.01||||||||PC||10.5992|0.006|117.452014|-64.042299|-9.624|0.044|18.678|0.041|2458326.4826||10.43611||4587.131145||985373.259981549||2||||||||||16.0412322645366||||||||||||||||||||212.617|.9865|5674|128.656|4.25241|.0757988|1.24448|.0611055|2019-06-06 03:40:31|lipponen||3787|sector1
382517745|382517745.02||||||||PC||10.5992|0.006|117.452014|-64.042299|-9.624|0.044|18.678|0.041|2458331.7478||10.43819||2298.721233||879631.871900686||3||||||||||46.0171491054009||||||||||||||||||||212.617|.9865|5674|128.656|4.25241|.0757988|1.24448|.0611055|2019-06-06 03:40:31|lipponen||3787|sector1
388128308|388128308.01||||||||PC||12.0168|0.006|63.727728|-70.494527|5.199|0.04|8.872|0.04|2458598.068||1.1937200000000001||4.006802||3683.6||1.44||||||.05969770664||||13.32393115||||||||||||||||||||755.659|10.8035|6232.28|120.582|3.91142|.0821128|2.00871|.0920576|2019-06-21 22:58:50|galgano||4210|vetted with DAVE (https://arxiv.org/abs/1901.07459)
394230860|394230860.01||||||||PC||10.0877|0.006|47.808305|-74.044229|29.602|0.041|29.009|0.048|2458326.8112||||1172.424605||660351.142578488||7.36666666666667||||||||||133.564487329001||||||||||||||||||||320.584|2.4685|6373|130.281|3.97671|.0851799|1.91682|.0848442|2019-06-06 03:40:31|lipponen||3787|sector1
394230860|394230860.02||||||||PC||10.0877|0.006|47.808305|-74.044229|29.602|0.041|29.009|0.048|2458337.7501||||1657.347334||782699.329520285||12.4333333333333||||||||||106.83325376687||||||||||||||||||||320.584|2.4685|6373|130.281|3.97671|.0851799|1.91682|.0848442|2019-06-06 03:40:31|lipponen||3787|sector1
394340319|394340319.01||||||||PC||10.3057|0.006|39.365116|-79.823076|-22.171|0.053|-10.996|0.056|2458336.3644|.0024|3.0371|0.0009|7.408223|0.543004|6800|500|3.012||||||||||||||||||||||||||||||325.32|3.34|6120|127.511|3.93353|.0813882|1.91698|.0870904|2019-04-23 13:55:41|feinstein||3344|Feinstein, A.~D., Montet, B.~T., Foreman-Mackey, D., et al.\ 2019, arXiv e-prints , arXiv:1903.09152.
394585218|394585218.01||||||||PC||10.2965|0.006|341.025113|-65.765319|12.832|0.075|-4.271|0.062|2458327.1369||3.966667||93.795152||82762.2100082572||3.7||||||||||35.7484582647549||||||||||||||||||||300.598|4.247|6032|128.854|3.99831|.0822648|1.75586|.0838945|2019-06-22 00:19:17|lipponen||3787|sector1
394585218|394585218.02||||||||PC||10.2965|0.006|341.025113|-65.765319|12.832|0.075|-4.271|0.062|2458329.1244||3.959722||12.516883||11462.2767868425||3.33333333333333||||||||||13.3038311029813||||||||||||||||||||300.598|4.247|6032|128.854|3.99831|.0822648|1.75586|.0838945|2019-06-22 00:19:17|lipponen||3787|sector1
403136415|403136415.01||||||||PC||13.0934|0.006|333.559696|-55.373338|4.93|0.028|-8.523|0.033|2458326.378|.00219|2.5127|0.00045|21.934811|0.003257|20000|3|2.411|0.173|||||||||14||||||||||||||||||||529.373|5.9015|5744|122|4.51952||.924044||2019-04-18 11:11:55|kcollins|tfopwg|3207|promising PC
404927661|404927661.01||||||||PC||8.9338|0.006|85.488133|-66.091961|-7.726|0.056|16.929|0.058|2458333.9778||18.53472||3211.098547||948052.986898714||6.36666666666667||||||||||61.1290971359944||||||||||||||||||||337.451|3.1015|7695|140.568|3.82811|.0808851|2.71529|.0842411|2019-06-06 03:40:31|lipponen||3787|sector1
404927661|404927661.02||||||||PC||8.9338|0.006|85.488133|-66.091961|-7.726|0.056|16.929|0.058|2458338.3403||||5703.738971||994769.96721044||7.13333333333333||||||||||19.1744475430205||||||||||||||||||||337.451|3.1015|7695|140.568|3.82811|.0808851|2.71529|.0842411|2019-06-06 03:40:31|lipponen||3787|sector1
406276109|406276109.01||||||||PC||13.8137|0.007|325.648936|-64.216089|216.158|0.065|-61.666|0.084|2458326.9609||7.547917||2683.138916||915521.842416158||1.3||||||||||7.547917||||||||||||||||||||99.7234|.63185|3200|157|4.82099|.00390142|.406188|.0122|2019-06-06 03:40:31|lipponen||3787|sector1
406276109|406276109.02||||||||PC||13.8137|0.007|325.648936|-64.216089|216.158|0.065|-61.666|0.084|2458330.6261||7.555556||3084.308322||941618.308811694||1.13333333333333||||||||||6.48352140375456||||||||||||||||||||99.7234|.63185|3200|157|4.82099|.00390142|.406188|.0122|2019-06-06 03:40:31|lipponen||3787|sector1
407584737|407584737.01||||||||PC||7.5728|0.007|352.774449|-74.134453|40.51|2|15.72|2|2458327.0181||5.65625||5133.962629||991160.759537924||2.9||||||||||19.7243765348264||||||||||||||||||||84.17509||5813||||1.56427||2019-06-06 03:40:31|lipponen||3787|sector1
407584737|407584737.02||||||||PC||7.5728|0.007|352.774449|-74.134453|40.51|2|15.72|2|2458329.8556||5.652778||3019.416176||938022.57484597||3.63333333333333||||||||||52.2291039440106||||||||||||||||||||84.17509||5813||||1.56427||2019-06-06 03:40:31|lipponen||3787|sector1
409141608|409141608.01||||||||PC||15.273|0|312.142572|-28.097877|3.168|0.102|-0.583|0.08|2458333.6917||||3443.848822||958076.21634249||2.93333333333333||||||||||4.02013144471581||||||||||||||||||||5016.97|1362.29|31000|7000|5.59962|.544746|.18|.104|2019-06-06 03:40:31|lipponen||3787|sector1
415969908|415969908.02||||||||PC||11.3018|0.007|343.708612|-18.912445|-317.835|0.074|-143.221|0.065|2458381.0703|.0042|52.74|38.32|||||||90.01|.37|||.05|0|98.07|90.89|2.02|.22|||.5|.5|||||||||||||||33.773|.04565|3568|157|4.84496|.00217725|.380272|.0114291|2019-02-21 16:19:44|christiansen||2163|Planet candidates identified in https://arxiv.org/pdf/1812.08145.pdf
419744996|419744996.01||||||||PC||8.579701|0.006|325.194533|-69.374632|12.608|0.046|-8.68|0.056|2458327.673||7.002083||157.59724||135109.545206246||6.86666666666667||||||||||159.694412328721||||||||||||||||||||403.098|5.685|7553|141.733|3.54156|.0801565|3.71342|.134108|2019-06-22 00:19:17|lipponen||3787|sector1
419744996|419744996.02||||||||PC||8.579701|0.006|325.194533|-69.374632|12.608|0.046|-8.68|0.056|2458330.6827||7.016667||172.422422||146838.92776622||9.16666666666667||||||||||166.482008520846||||||||||||||||||||403.098|5.685|7553|141.733|3.54156|.0801565|3.71342|.134108|2019-06-22 00:19:17|lipponen||3787|sector1
441056702|441056702.01||||||||PC||11.1028|0.006|359.519041|-15.066001|34.32|0.127|44.644|0.056|2458371.8111|.0055|6.3424|0.0093|||||||89.81|1.67|||.031|.003|20.88|3.8|1.97|.19|||25|2.2|||||||||||||||61.9215|.23785|3993|117.915|4.68723|.116889|.591038|.0604221|2019-02-21 16:20:58|christiansen||2163|Planet candidates identified in https://arxiv.org/pdf/1812.08145.pdf
441422220|441422220.01||||||||PC||9.0641|0.006|311.362403|-34.646659|49.391|0.073|-54.598|0.048|2458328.6944||3.7||363.740668||284674.457338059||3.93333333333333||||||||||85.158944894286||||||||||||||||||||142.956|.861|6348|131.108|4.269|.0837948|1.3637|.0566683|2019-06-22 00:19:17|lipponen||3787|sector1
441422220|441422220.02||||||||PC||9.0641|0.006|311.362403|-34.646659|49.391|0.073|-54.598|0.048|2458326.8444||3.699306||59.604368||53417.9755983561||3.6||||||||||36.8892422111232||||||||||||||||||||142.956|.861|6348|131.108|4.269|.0837948|1.3637|.0566683|2019-06-22 00:19:17|lipponen||3787|sector1
441422527|441422527.01||||||||PC||6.1732|0.006|311.298766|-35.166541|-15.114|0.079|-27.865|0.075|2458326.5902||0.2083333||14.223031||13014.4650978575||1.2||||||||||74.7071908202602||||||||||||||||||||137.936|.8805|5876|80|||5.61283||2019-09-07 00:05:27|lipponen||5555|sector1






